-- MariaDB dump 10.19  Distrib 10.4.27-MariaDB, for Linux (x86_64)
--
-- Host: localhost    Database: krsstmgrvtsldb
-- ------------------------------------------------------
-- Server version	10.4.27-MariaDB

/*!40101 SET @OLD_CHARACTER_SET_CLIENT=@@CHARACTER_SET_CLIENT */;
/*!40101 SET @OLD_CHARACTER_SET_RESULTS=@@CHARACTER_SET_RESULTS */;
/*!40101 SET @OLD_COLLATION_CONNECTION=@@COLLATION_CONNECTION */;
/*!40101 SET NAMES utf8mb4 */;
/*!40103 SET @OLD_TIME_ZONE=@@TIME_ZONE */;
/*!40103 SET TIME_ZONE='+00:00' */;
/*!40014 SET @OLD_UNIQUE_CHECKS=@@UNIQUE_CHECKS, UNIQUE_CHECKS=0 */;
/*!40014 SET @OLD_FOREIGN_KEY_CHECKS=@@FOREIGN_KEY_CHECKS, FOREIGN_KEY_CHECKS=0 */;
/*!40101 SET @OLD_SQL_MODE=@@SQL_MODE, SQL_MODE='NO_AUTO_VALUE_ON_ZERO' */;
/*!40111 SET @OLD_SQL_NOTES=@@SQL_NOTES, SQL_NOTES=0 */;

--
-- Table structure for table `tbevent`
--

DROP TABLE IF EXISTS `tbevent`;
/*!40101 SET @saved_cs_client     = @@character_set_client */;
/*!40101 SET character_set_client = utf8 */;
CREATE TABLE `tbevent` (
  `evwcode` varchar(3) NOT NULL,
  `evdate` date DEFAULT NULL,
  `evtitle` varchar(255) DEFAULT NULL,
  `evurl` varchar(255) DEFAULT NULL,
  `evmedia` int(11) DEFAULT NULL,
  `evtype` int(11) DEFAULT NULL,
  `evdesc` text DEFAULT NULL,
  PRIMARY KEY (`evwcode`)
) ENGINE=InnoDB DEFAULT CHARSET=utf8mb4 COLLATE=utf8mb4_bin;
/*!40101 SET character_set_client = @saved_cs_client */;

--
-- Dumping data for table `tbevent`
--

LOCK TABLES `tbevent` WRITE;
/*!40000 ALTER TABLE `tbevent` DISABLE KEYS */;
INSERT INTO `tbevent` VALUES ('1','2020-07-31','【初配信】「やりたいこと」とタグ決め。それからマシュマロ【皇黄リリエ】','https://www.youtube.com/watch?v=t4zmh4GAOdo',1,1,''),('10','2021-04-28','【歌配信】なんだか歌いたい気分なんです…！【皇黄リリエ】','https://www.youtube.com/watch?v=gfhQLKhzBUI',1,1,''),('11','2021-05-05','【400人記念歌配信！】感謝を込めて、400分歌います！【皇黄リリエ】','https://www.youtube.com/watch?v=hEhrTDfqDnw',1,1,''),('12','2021-06-25','【歌+新服新メイク】ちょっと遅れた春の歌。それとちょっと夏の歌。【皇黄リリエ/Vtuber】','https://www.youtube.com/watch?v=-pNBYcatASU',1,1,''),('13','2021-07-11','【歌配信】ボカロ初期曲を歌いますよ～！【皇黄リリエ/Vtuber】','https://www.youtube.com/watch?v=Fz9JJgMuaNk',1,1,''),('14','2021-07-14','歌いながら絵を描く！Live&Live paint vol.1【皇黄リリエ/Vtuber】','https://www.youtube.com/watch?v=xGYTHT3mRWs',1,1,''),('15','2021-09-12','【歌配信】好きな曲歌う！【皇黄リリエ/Vtuber】','https://www.youtube.com/watch?v=cFlrUEC4mMs',1,1,''),('16','2021-11-13','【歌配信】なんと2カ月ぶりのお歌配信！【皇黄リリエ/Vtuber】','https://www.youtube.com/watch?v=uzLp19jshzY',1,1,''),('17','2021-11-27','【歌配信】夜中に、しっとりバラードお歌【皇黄リリエ/Vtuber】','https://www.youtube.com/watch?v=AWLzQsw2RTg',1,1,''),('18','2021-12-11','【#VSSRWF / 歌配信】冬の歌配信リレー！あなたに歌の魔法のプレゼント🎁【皇黄リリエ/Vtuber】','https://youtu.be/uNBmkvGwd5U',1,4,'VSSRWF2021 Day1\r\n主催：音沼ロノエ'),('19','2022-01-08','【歌配信】2022年初歌！【皇黄リリエ/Vtuber】','https://youtu.be/M6XGzAsMxnQ',1,1,''),('2','2020-08-29','【初歌配信】心こめて、歌います【皇黄リリエ】','https://www.youtube.com/watch?v=_XWQmf6ZwmU',1,1,''),('20','2022-01-29','【歌配信】ボカロメインで歌うぞ～！✨【皇黄リリエ/Vtuber】','https://youtu.be/dpd6uT50yjI',1,1,''),('21','2022-02-26','【作業配信】続！もくもく！作業！【皇黄リリエ/Vtuber】','https://www.youtube.com/live/YDvF_O7kA8Q?feature=share',1,1,''),('22','2022-03-06','【900人記念歌配信】感謝の気持ちをこめて！歌の魔法をあなたに✨【皇黄リリエ/Vtuber】','https://youtu.be/774Q7Dn_8-s',1,1,''),('23','2022-05-14','【雑談】 ღ 「恋暴動」歌ってみた同時視聴会 ღ 告知もあるよ！【皇黄リリエ/Vtuber】','https://youtu.be/LBU2CePxkTo',1,1,''),('24','2022-07-30','【歌配信】魔女見習いはいっぱい歌いたい【皇黄リリエ/Vtuber】','https://youtu.be/YeQHmuLpDS8',1,1,''),('25','2022-09-11','【歌配信】DECO*27さん曲縛り！ 💘 Singing Stream【皇黄リリエ/Vtuber】','https://youtu.be/6z_wtU_BMOM',1,1,''),('26','2022-10-22','【歌配信】おうた、うたいます🌙 Singing Stream【皇黄リリエ/Vtuber】','https://youtu.be/3WAKVpdKwhg',1,1,''),('27','2022-11-01','【歌配信】11/2までハロウィンしていいらしいお歌配信/初見さん大歓迎❣ 🎃 Singing Stream【皇黄リリエ/Vtuber】','https://youtu.be/LVlwSNDRzoA',1,1,''),('28','2022-12-18','【歌配信】新PCでパワーアップ＆初披露多めお歌配信！/初見さん大歓迎❣ 🎤 Singing Stream【皇黄リリエ/Vtuber】','https://youtu.be/QyvQDWxNAnc',1,1,''),('29','2023-01-09','【歌配信】新春🎍2023年初歌配信！/初見さん大歓迎❣ 🎤 Singing Stream【皇黄リリエ/Vtuber】','https://youtu.be/jxaakBhqpus',1,1,''),('3','2020-10-04','【歌配信】てんしのうた【皇黄リリエ】','https://www.youtube.com/watch?v=6l-5UNZgEkI',1,1,''),('30','2023-01-09','【歌配信】懐かしボカロ曲でタイムスリップ！？/初見さん大歓迎❣ 🎤 Singing Stream【皇黄リリエ/Vtuber】','https://youtu.be/x9YDOQ6bGYM',1,1,''),('31','2023-04-09','【歌配信】魔女見習いのお歌✨オールジャンル歌配信！ /初見さん大歓迎❣ 🎤 Singing Stream【皇黄リリエ】','https://www.youtube.com/live/gB_szEHAmQ4?feature=share',1,1,''),('32','2023-04-16','【歌配信】治安がいい？曲しばり歌配信🌸 /初見さん大歓迎❣ 🎤 Singing Stream【皇黄リリエ】','https://www.youtube.com/live/Bw4DF9Nvo1Q?feature=share',1,1,''),('33','2023-04-22','【歌配信】[SSR]ノープラン夜お歌配信🌙 /リクエスト・初見さん大歓迎❣ 🎤 Singing Stream【皇黄リリエ】','https://www.youtube.com/live/yFKWyEjhjPg?feature=share',1,1,''),('34','2023-05-01','【歌配信】懐かし平成アニソンｷﾀ——(ﾟ∀ﾟ)——!! / 初見さん大歓迎❣ 🎤 Singing Stream【皇黄リリエ】','https://www.youtube.com/live/XjC2cxRCq6k?feature=share',1,1,''),('35','2023-05-13','【歌配信】💥治安が悪い曲しばり歌配信 / 初見さん大歓迎❣ 🎤 Singing Stream【皇黄リリエ】 ','https://www.youtube.com/live/A-uf-l5rIwk?feature=share',1,1,''),('36','2023-06-17','【歌配信】登録者数1,500人記念！ありがとうを歌に込めて✨ / 初見さん大歓迎❣ 🎤 Singing Stream【皇黄リリエ】','https://www.youtube.com/live/Z53gUJxypgE?feature=share',1,1,'同日すぐ後に別のライブがある'),('37','2023-07-09','【歌配信】大好きな夏がはじまった！夏うたもりだくさん☀️ / 初見さん大歓迎❣ 🎤 Singing Stream【皇黄リリエ】','https://www.youtube.com/live/WzAs8CVDwuk?feature=share',1,1,''),('38','2023-08-19','【歌配信】魔女見習いのお歌、聞いていきませんか？ / 初見さん大歓迎❣ 🎤 Singing Stream【皇黄リリエ】','https://www.youtube.com/live/R1wViE7FlEM?feature=share',1,1,''),('39','2023-06-24','【 歌枠コラボ / singing 】リリちゃんとお歌コラボ！かわいいとかっこいいを浴びに来て～♡【 #Vtuber/#音咲アリン/#皇黄リリエ 】','https://www.youtube.com/live/F5wjebYpWHE',1,2,'音咲アリンChで配信のコラボ。SYNCROOMを使った遠隔二重唱'),('4','2020-11-15','【歌配信】アニソンを歌いたい！【皇黄リリエ】','https://www.youtube.com/watch?v=gMd9AvR1khI',1,1,''),('40','2023-09-18','【歌配信】1人2役！？デュエット風歌配信🌓 / 初見さん大歓迎❣ 🎤 Singing Stream【皇黄リリエ】','https://www.youtube.com/live/QdcQf-cEUtE',1,1,''),('41','2023-09-24','【 #タロットリレー 】魔女見習いが紡ぐ、女帝の物語 - episode\" 𝔼𝕞𝕡𝕣𝕖𝕤𝕤 \"👑【皇黄リリエ】','https://www.youtube.com/live/8GvgsbHxzAk',1,4,'企画┊タロット歌枠リレー　主催┊御伽ミア&歌踊マガル'),('42','2023-10-09','【コラボ歌配信】リリエちゃんとコラボお歌配信👁️なつかし曲多めでお送りします❣️ 🎤 Singing Stream【皇黄リリエ/物部モノ子】','https://www.youtube.com/live/VJWMBJNS828',1,2,'物部モノ子Chでの配信　遠隔デュエットと、モノ子のウクレレ演奏によるセッション'),('43','2023-10-28','【歌配信】梨本ういさん曲縛り！ / 初見さん大歓迎❣ 👁️ Singing Stream【皇黄リリエ】','https://www.youtube.com/live/2RaRLdvskdw',1,1,''),('44','2023-11-22','【お歌コラボ】リリめぐ❄️念願のお歌コラボ配信💌【#リリめぐ】','https://www.youtube.com/live/pWVi42Espcg?si=TeoyrFXBW5a0E02v',1,1,'恋塚めぐるとコラボ　SYNCROOM使用のオンライン・デュエット　'),('45','2023-11-23','【歌配信】ビブラートと高音とちょこっと低音、聞いていきませんか？ / 初見さん大歓迎❣ 🎤 Singing Stream【皇黄リリエ】','https://www.youtube.com/live/6__DqVQzR2M',1,1,''),('46','2023-12-03','【 #御伽の国歌枠リレー 】🔮魔女見習いが紡ぐ、『あなたの知らない、ラプンツェルの物語』🖊️【 皇黄リリエ 】','https://www.youtube.com/live/29XG97agCD4',1,4,'御伽の国歌枠リレー,主催:御伽ミア,https://www.youtube.com/live/KCLYj55xzc8'),('47','2023-12-12','【歌配信】平日ののんびりお歌配信🌟 / 初見さん大歓迎❣ 🎤 Singing Stream【皇黄リリエ】','https://www.youtube.com/live/Sza1n7WFXzc',1,1,''),('48','2023-12-29','【歌配信】歌い納め！今年最後のお歌配信💌 / 初見さん大歓迎❣ 🎤 Singing Stream【皇黄リリエ】','https://www.youtube.com/live/CRyDDdsNj20',1,1,''),('49','2024-02-03','【 #響け邦ロックVtuber歌枠リレー 】今日は邦ロックの魔女見習い！「あなた」に届ける心のロック！⚡【 皇黄リリエ 】','https://www.youtube.com/live/nCXVPR1OjRk',1,4,'主催 久遠なつめ\r\n響け邦ロックVtuber歌枠リレー  \r\n'),('5','2020-12-28','【歌配信】ネット老人魔女のボカロ歌配信【皇黄リリエ】','https://www.youtube.com/watch?v=Tf3csulM828',1,1,''),('50','2024-02-18','【 #じゅえるふぇす 】Virtual Jewel Live - AMETRINE - 夜明けの魔法をあなたに【 皇黄リリエ 】','https://www.youtube.com/live/-ba-MM9s7q8?si=_Z606v4sIBJ2b3T5',1,4,'主催 御伽ミア＆歌踊マガル、 Jewel Fes 宝石 × 歌枠リレー'),('51','2024-02-25','【 #ポケモン歌枠リレー 】ゴーストタイプ👻魔女とゴーストたちのお茶会《バトル》へようこそ！【 皇黄リリエ / #VTuber】','https://www.youtube.com/live/Fi7ve1eFzvo?si=tWrN-uGFWEe2jkpM',1,4,'主催:はくゆ ポケモン歌枠リレー'),('52','2024-03-03','【歌配信】はじめての縦型お歌❣️魔女見習いのビブラートと高音&低音はいかが？🎤Singing Stream【皇黄リリエ】','https://www.youtube.com/live/UNggiEuDcrw',1,1,''),('53','2024-03-03','【歌配信】オールジャンルで楽しく歌う！魔女見習いのお歌配信🐦‍⬛ / 初見さん大歓迎❣ 🎤 Singing Stream【皇黄リリエ】','https://www.youtube.com/live/AHbXe1Y5yKk',1,1,''),('54','2024-03-16','【歌配信】SSR夜歌配信🌙バラード&ピアノアレンジでしっとり魔女見習いのお歌🐦‍⬛ / 初見さん大歓迎❣ 🎤 Singing Stream【皇黄リリエ】','https://www.youtube.com/live/ROSUoB9sryM?si=pZ-DblkxUHavrhnO',1,1,''),('55','2024-03-24','【縦型歌配信】ゆるりと歌っていく❣️魔女見習いのビブラートをくらえ～🐦‍⬛🎤Singing Stream【皇黄リリエ】','https://www.youtube.com/live/pIaqkYGBmow',1,1,''),('56','2024-03-24','【歌配信】心あったか春のお歌🌸魔女見習いと春を感じよう🐦‍⬛ / 初見さん大歓迎❣ 🎤 Singing Stream【皇黄リリエ】','https://www.youtube.com/live/ndOGh1DOkT4',1,1,''),('57','2024-04-20','【歌配信】初披露もりだくさん！オールジャンルでたくさん歌うぞ～❣️ / 初見さん大歓迎❣ 🎤 Singing Stream【皇黄リリエ】','https://www.youtube.com/live/FXHORb5bKVU?si=G1pORdgJ9Alsm44O',1,1,'DAM利用'),('58','2024-04-21','【 #四季花リレー 】ここからめぐる四季のはじまり。\"百合の花\"の魔法を聞いてくれる？【 皇黄リリエ 】','https://www.youtube.com/live/XSx1_Q2Io2w',1,4,'主催：御伽ミア　四季の花歌枠リレー  '),('59','2024-05-19','【#属性別アイマス歌枠リレー】煌めくイエロー✨魔女見習い、アイドルになります！？【#皇黄リリエ #歌枠 #Vtuber #KARAOKE】','https://www.youtube.com/live/3arQBUOnl9g?si=4bIHJYPZnPvQdLOk',1,4,'属性別アイマス歌枠リレー ［主催］藤音奏\r\n（DAM利用曲あり）'),('6','2021-02-21','【歌配信】お歌、いかがですか？【皇黄リリエ】','https://www.youtube.com/watch?v=rWQYaALGwa4',1,1,''),('60','2024-06-15','【歌配信】オールジャンルで楽しく歌う魔女見習い🐦‍⬛ / 初見さん大歓迎❣ 🎤 Singing Stream【皇黄リリエ】','https://www.youtube.com/live/HoyGHPeNV7I?si=ssQG2vYlDvTqwEb7',1,1,'DAM利用'),('61','2024-07-13','【歌配信】魔女見習いのSSR夜歌配信🐦‍⬛ / 初見さん大歓迎❣ 🎤 Singing Stream【皇黄リリエ】','https://www.youtube.com/live/A1wAvFwBCf8?si=u27tztKe5e9kdYrv',1,1,''),('62','2024-07-14','【歌配信】大好きな夏をあなたといっしょに！夏のお歌をたくさん歌うぞ～❣️🌻 / 初見さん大歓迎❣ 🎤 Singing Stream【皇黄リリエ】','https://www.youtube.com/live/ED0zXRDA7n4?si=dInv7BybcGTyk8ZS',1,1,''),('63','2024-07-15','【歌配信】ボカロ多めでお送りするお歌配信👾 / 初見さん大歓迎❣ 🎤 Singing Stream【皇黄リリエ】','https://www.youtube.com/live/FW9FQmFh5po?si=sn-c1fbHzvLMk5QQ',1,1,''),('64','2024-08-15','【#歌枠/#karaoke 】お誕生日記念歌凸待ち！たくさんゲストさんと歌うよ！🌺【#メーレv #syncroom 】','https://www.youtube.com/live/loWOSggVMeU?si=xDM-Znz7kFZB0ukn',1,2,'メーレ-mele-チャンネルで配信された誕生日記念歌凸企画　SYNCROOM使用'),('65','2024-08-19','【歌配信】アリリリ🌼お歌コラボ配信りた～んず🎤 Singing Collaboraiton Stream【皇黄リリエ】','https://www.youtube.com/live/6SCZ4CDx4is?si=Zx8QP_73Q7tHuKEP',1,1,'音咲アリンとコラボ （公式チャプターよりタイムスタンプ転載）'),('66','2024-09-22','【歌配信】植田真梨恵さん縛り🐈‍⬛大好きな曲をたくさん歌う！✨ / 初見さん大歓迎❣ 🎤 Singing Stream【皇黄リリエ】','https://www.youtube.com/live/e0yHcjBGGKo?si=ITrFKnag4pO1T5KG',1,1,'CSPカラオケDAM利用'),('67','2024-09-22','【歌配信】登録者数2,000人記念✨たくさんのありがとうをこめて歌います❣️ / 初見さん大歓迎❣ 🎤 Singing Stream【皇黄リリエ】','https://www.youtube.com/live/Xfe8mNdlAxk?si=ljIUnbqu5KoW4IfZ',1,1,''),('68','2024-10-12','【歌配信】カラスな魔女はハロウィンがお好き👻オールジャンルたくさん歌う！ / 初見さん大歓迎❣ 🎤 Singing Stream【皇黄リリエ】','https://www.youtube.com/live/E4d1T0t6LE8?si=MHnKXn6xnYs_M4Gu',1,1,'DAM使用曲一部あり'),('69','2024-11-16','【歌配信】SSR夜のお歌配信🌙ボカロをたくさん歌う魔女🐦‍⬛ / 初見さん大歓迎❣ 🎤 Singing Stream【皇黄リリエ】','https://www.youtube.com/live/0Noz3rxe2w4',1,1,''),('7','2021-02-26','【歌配信】お歌練習！【皇黄リリエ】','https://www.youtube.com/watch?v=Fzepph-CVzM',1,1,''),('70','2024-11-17','【歌凸コラボ】2,000人記念✨大好きなお友だちとお歌の魔法を届けます❣️ 🎤 Singing Collaboration Stream【皇黄リリエ】','https://www.youtube.com/live/_u3W-RFjlEo?si=td-6a0spAkrovzUD',1,1,'歌凸コラボ　各出演者と2曲ずつSYNCROOMで歌う'),('71','2024-11-24','【歌配信】ノープランミニお歌配信🐦‍⬛ / 初見さん大歓迎❣ 🎤 Singing Stream【皇黄リリエ】','https://www.youtube.com/live/oUSxrLRc4Ns?si=h39pUDWKwvCkSmQd',1,1,''),('72','2024-12-08','【 #ぶいまぎふぇす 】18の魔法のはじまり。魔女が紡ぐ、『はじまりの魔法使い』のお話。【 皇黄リリエ 】','https://www.youtube.com/live/0vP-m4WlLME?si=vao4Re9PrF_6FqOT',1,4,'歌枠リレー V Magia Festival\r\n主催｜歌踊マガル様＆古椿姫メル様'),('73','2024-12-15','【歌配信】のんびりお歌配信🐦‍⬛ / 初見さん大歓迎❣ 🎤 Singing Stream【皇黄リリエ】','https://www.youtube.com/watch?v=AtkiAEKZVk8',1,1,''),('74','2024-12-21','【歌配信】魔女がうたう冬のお歌❄️寒い冬もいっしょにあたたまろう☃️ / 初見さん大歓迎❣ 🎤 Singing Stream【皇黄リリエ】','https://www.youtube.com/live/upT4z5Na0yg?si=iPbdK5TmZHGb1rf4',1,1,'縦型'),('75','2024-12-21','【歌配信】たっぷりダークなお歌をお届けします🪦 / 初見さん大歓迎❣ 🎤 Singing Stream【皇黄リリエ】','https://www.youtube.com/live/8O89SRq0y14?si=0khXtis5v2PDv77K',1,1,''),('76','2025-01-12','【歌配信】リハビリショートお歌配信☕まったり歌うよ～🎤 Singing Stream【皇黄リリエ】','https://www.youtube.com/live/Yb3g76ceNfg?si=5pPMQvxMHqg3NQYW',1,1,'アーカイブは限定公開　YouTube再生リストからアクセス可'),('77','2025-01-26','【歌配信】楽しくオールジャンルで歌う魔女🐦‍⬛ / 初見さん大歓迎❣ 🎤 Singing Stream【皇黄リリエ】','https://www.youtube.com/live/sdhHPJrffUs?si=DbP76EVu3JMw9i1G',1,1,''),('78','2025-02-02','【 #終末リレー】さいごの日。あなたが彼女と話したこと【 皇黄リリエ 】','https://www.youtube.com/watch?v=uylcAqzmzd0',1,4,'『終末世界リレー』\r\n主催：風街ピリカ様'),('79','2025-02-09','【 #CafeBar歌枠リレー 】 Welcome to Magia Cafe❣️魔女特製のメニューでご案内☕ 【 皇黄リリエ 】','https://www.youtube.com/live/yVcAurtS_kM?si=cgHnvFqjQmXOa5td',1,4,'Cafe＆Bar歌枠リレー 主催：オマル・ド・ボンヌ様 協賛：かるあ様 '),('8','2021-03-28','【歌配信】切ない曲、歌います【皇黄リリエ】','https://www.youtube.com/watch?v=NI0JLltBbWk',1,1,''),('80','2025-02-24','【歌配信】噛む度に遠くなっていくお歌配信！？💬 / 初見さん大歓迎❣ 🎤 Singing Stream【皇黄リリエ】','https://www.youtube.com/watch?v=-W0xvP5EV0g',1,1,'DAM利用'),('81','2025-03-22','【歌配信】あたたかくなってきたしまったり歌っちゃおう🌹 / 初見さん大歓迎❣ 🎤 Singing Stream【皇黄リリエ】','https://www.youtube.com/live/d4YjhrJqaAA?si=znDJBuZkN6HaZ6u5',1,1,''),('82','2025-03-30','【歌配信】春のお歌中心🌹お花の季節がやってきた！ / 初見さん大歓迎❣ 🎤 Singing Stream【皇黄リリエ】','https://www.youtube.com/live/oUuzTybUQhM?si=kc3eD8c09sO4Hc2w',1,1,''),('83','2025-04-29','【歌配信】SR夜のお歌配信🌙魔女のお歌聞いていきませんか？ / 初見さん大歓迎❣ 🎤 Singing Stream【皇黄リリエ】','https://www.youtube.com/live/9mWafEFRkIU?si=7hLBBLqCBBjbaNOV',1,1,''),('84','2025-05-18','【歌配信】魔女ののんびりお歌配信❣️ / 初見さん大歓迎❣ 🎤 Singing Stream【皇黄リリエ】','https://www.youtube.com/live/C36r3okLf1s?si=FK1cPWFVymWOcIFH',1,1,''),('85','2025-06-22','【歌配信】雨のお歌をうたおうと思っていたけど梅雨おわったってほんと？歌配信 / 初見さん大歓迎❣ 🎤 Singing Stream【皇黄リリエ】','https://www.youtube.com/live/IOO5L1Y_YWo?si=E4E3bpNeRkBYwAKc',1,1,''),('86','2025-07-13','【 #Vlastfest02 】ヤタガラスが歌う、\" 創造魔法の魔女 \"の物語【 皇黄リリエ 】','https://www.youtube.com/live/P_VWg5UKnfQ?si=Cj58y3-_Cbe8Hh3g',1,4,'企画┊Vlastfest02\r\n主催┊歌踊マガル'),('87','2025-07-27','【歌配信】夏❣️🪼🎆🎐🍹🍉🌻☀️⛱️暑さも楽しむお歌✨ / 初見さん大歓迎❣ 🎤 Singing Stream【皇黄リリエ】','https://www.youtube.com/live/r7gVmlHDY8s?si=fa6jtHThe8kiPFXY',1,1,''),('88','2025-08-10',' 【 #平成アニソン・キャラソン歌枠リレー 】君（平成）のぬくもりを探しにゆくよ 【 皇黄リリエ 】','https://www.youtube.com/live/y6hy7lz873A?si=reyIWo7naHGt-LV9',1,4,'平成アニソン・キャラソン歌枠リレー \r\n主催　雨水れいや'),('89','2025-08-16','【歌配信】🍉夏のお歌と好きなお歌を好きに歌う魔女のおうた🐦‍⬛ / 初見さん大歓迎❣ 🎤 Singing Stream【皇黄リリエ】','https://www.youtube.com/live/lcQ3DsuoN9Q?si=g53VCgdIDItF1cpE',1,1,''),('9','2021-04-11','【歌配信】色々な声で歌う！キャラソン風お歌配信✨【皇黄リリエ】','https://www.youtube.com/watch?v=CosAxh9dbfU',1,1,''),('90','2025-09-21','【 #Element歌枠リレー 】大地に芽吹く魔法の歌と、墜ちた翼の物語【 皇黄リリエ 】','https://www.youtube.com/live/LmYzODrlZfY?si=lu3zFiNhAK2BjAKy',1,4,'Element歌枠リレー\r\n主催┊風街ピリカ / 歌踊マガル / 皇黄リリエ / 古椿姫メル'),('91','2025-09-28','【歌配信】親子で姉妹❣️リリメルお歌コラボ配信 🎤 Singing Collaboraiton Stream【 #皇黄リリエ / #古椿姫メル 】','https://www.youtube.com/live/iz7S63w9PXw?si=0M1qklLjrVF1A0x-',1,1,'古椿姫メルとコラボ　SYNCROOM使用'),('92','2025-10-18','【 #まゆりのおともだち歌枠リレー2nd 】仲良くなるためのはじめましての魔法💫【 皇黄リリエ 】','https://www.youtube.com/live/lChCl8p3TLw?si=uWiKpUd_1TEesvx9',1,4,'まゆりのおともだち歌枠リレー2nd\r\n主催:まゆり'),('93','2025-10-22','【歌配信】SSR✨夜のお歌配信🌙ピアノアレンジ系＆バラードでまったり / 初見さん大歓迎❣ 🎤 Singing Stream【皇黄リリエ】','https://www.youtube.com/live/QPgOnQAh6Mw?si=PMZoIc-byrhS1AbX',1,1,''),('94','2025-10-25',' 【 #ハッピーハロウィン歌枠リレー 】🎃ハロウィンの館へようこそ👻【 #皇黄リリエ 】','https://www.youtube.com/live/U667cPot0UA?si=atUVrPctol1ubEvC',1,4,'ハッピーハロウィン歌枠リレー \r\n主催:suimin.'),('95','2025-11-09','【#Gallery歌枠リレー】その絵画の名は『　　』 。あなたには何が見えますか？【 皇黄リリエ 】','https://www.youtube.com/live/dS8ZGisuFcM?si=ykCeQJHuJNNNwW5Z',1,4,'Gallery歌枠リレー\r\n主催 古椿姫メル / 歌踊マガル'),('96','2025-11-24','【歌配信】なつかしボカロや好きな曲歌っていく❣️ / 初見さん大歓迎❣ 🎤 Singing Stream【皇黄リリエ】','https://www.youtube.com/watch?v=QpjhfkdkIPI',1,1,''),('97','2025-12-30',' 【歌配信】2025年歌い納め❣️好きな曲で締めくくろう✨ / 初見さん大歓迎❣ 🎤 Singing Stream【皇黄リリエ】','https://www.youtube.com/watch?v=_WByjloLtb4',1,1,''),('C1','2022-04-25','作業しながらちょっと歌(twicas)','https://twitcasting.tv/sumeragi_lilie/movie/729472837',5,1,''),('F2','2023-03-05','【#さむフェス】あなたに届ける、月とお歌の魔法🌙‎𖤐⡱【皇黄リリエ】','https://www.youtube.com/live/w96wXwyPYe4?feature=share',1,4,'Sun and Moon Virtual Festival\r\n主催┊御伽ミア&歌踊マガル'),('F3','2023-03-25','【#第一回久遠V歌祭り】魔女見習いが春をおとどけ🌸【皇黄リリエ】','https://www.youtube.com/live/OHpR16alfc4?feature=share',1,4,'第一回久遠V歌祭り\r\n主催 久遠なつめ'),('L','2021-04-10','【#LilieLied】アカペラ歌動画まとめ【皇黄リリエ】 ','https://www.youtube.com/watch?v=RIm3WSp65M8',10,1,'Twitterに投稿されたアカペラ歌動画66本を、後にひとつの動画にまとめてYoutubeにアップされたもの'),('S1','2023-06-17','#ミュージックVR【 VSinger / cluster 歌枠 】 芸人 Vtuber 主催 ミュージック VR～２Dと３Dが入り乱れる２DAYS～DAY１【 イトイシュン / itoisyun 】','https://www.youtube.com/live/c75EK97BLy4',1,3,'イトイシュン氏主催のVRライブ。DAY1.DAY2の二公演がClusterで行われ、同氏のYouTubeチャンネルでも同時ライブ配信された。2DのアバターのVtuberも参加した。'),('a','2023-02-19','【アーカイブメン限】リハビリお歌配信！喉にやさしい曲歌います🍋 🎤 Singing Stream【皇黄リリエ】','https://www.youtube.com/live/BIeJuVwMVm8',1,1,'公開翌日からアーカイブはメンバー限定公開');
/*!40000 ALTER TABLE `tbevent` ENABLE KEYS */;
UNLOCK TABLES;

--
-- Table structure for table `tbsong`
--

DROP TABLE IF EXISTS `tbsong`;
/*!40101 SET @saved_cs_client     = @@character_set_client */;
/*!40101 SET character_set_client = utf8 */;
CREATE TABLE `tbsong` (
  `songid` int(11) NOT NULL,
  `arrng` int(11) NOT NULL,
  `sname` varchar(255) DEFAULT NULL,
  `yomi` varchar(255) DEFAULT NULL,
  `artist` varchar(100) DEFAULT NULL,
  `tieup` varchar(100) DEFAULT NULL,
  `vocap` varchar(20) DEFAULT NULL,
  `genre` varchar(2) DEFAULT NULL,
  `relsd` date DEFAULT NULL,
  PRIMARY KEY (`songid`,`arrng`) ,
  KEY `yomi` (`yomi`)
) ENGINE=InnoDB DEFAULT CHARSET=utf8mb4 COLLATE=utf8mb4_bin;
/*!40101 SET character_set_client = @saved_cs_client */;

--
-- Dumping data for table `tbsong`
--

LOCK TABLES `tbsong` WRITE;
/*!40000 ALTER TABLE `tbsong` DISABLE KEYS */;
INSERT INTO `tbsong` VALUES (1,0,'115万キロのフィルム','ひゃくじゅうごまんきろのふぃるむ','Official髭男dism ','','','P','2018-03-16'),(2,0,'1/6の夢旅人2002','ろくぶんのいちのゆめたびびとにせんに','樋口了一 ','','','P','2003-03-05'),(3,0,'1925','いちきゅうにーごー','','','とみー','V','2009-10-05'),(4,0,'3331','さんさんさんいち','','','ナノウ','V','2011-10-31'),(5,0,'365日の紙飛行機','さんびゃくろくじゅうごにちのかみひこうき','AKB48','','','P','2015-12-09'),(6,0,'404:虚像','よんまるよんきょぞう','','','しとお','V','2018-08-18'),(7,0,'again','あげいん','YUI','鋼の錬金術師 FULLMETAL ALCHEMISTop','','A','2009-06-03'),(8,0,'Alchemy','あるけみー','Girls Dead Monster','Angel Beats!挿入歌','','A','2010-04-23'),(9,0,'ALONES','あろーんず','Aqua Timez','BLEACH op','','A','2007-08-01'),(10,0,'Angelic Angel','えんじぇりっくえんじぇる','ラブライブ! μ\'s','','','A','2015-07-01'),(11,0,'ANSWER/∀NSWER','あんさー','','','','I','2017-03-21'),(12,0,'ANIMA','あにま','ReoNa','','','P','2010-07-22'),(13,0,'BadBye','ばっどばい','','','koma\'n','V','2011-02-11'),(14,0,'Blue Moon','ぶるーむーん','ほしな歌唄（水樹奈々）','しゅごキャラ！CS','','A','2007-12-19'),(15,0,'Booo!','ぶー','TOKOTOKO','','西沢さんP','V','2018-10-24'),(16,0,'Butter-Fly','ばたふらい','和田光司','デジモンアドベンチャーop','','A','1999-04-23'),(17,0,'Calc.','かるく','','','ジミーサムP','V','2010-09-09'),(18,0,'Catch You Catch Me','きゃっちゆーきゃっちみー','グミ','カードキャプターさくらop','','A','1998-04-22'),(19,0,'celluloid','せるろいど','','','baker','V','2007-10-05'),(20,0,'CH4NGE','ちぇんじ','','','Giga','V','2021-12-25'),(21,0,'Chu×Chu!!','ちゅちゅ','榊原ゆい','Chu×Chuアイドる','','G','2007-09-21'),(22,0,'clock lock works','くろっくろっくわーくす','','','ハチ','V','2009-11-27'),(23,0,'crack','くらっく','','','keeno','V','2010-10-22'),(24,0,'DADA','だだ','RADWIMPS','','','R','2011-01-12'),(25,0,'DAN DAN 心魅かれてく','だんだんこころひかれてく','FIELD OF VIEW','ドラゴンボールGT op','','A','1996-03-11'),(26,0,'DAYBREAK FRONTLINE ','でいぶれいくふろんとらいん','','','Orangestar','V','2016-12-03'),(27,0,'daze','でいず','じん','メカクシティアクターズ','','A','2014-06-18'),(28,0,'Dear','でぃあー','','','19\'s Sound Factory','V','2008-03-15'),(29,0,'DOGMA','どぐま','','','wotaku','V','2019-07-12'),(30,0,'Don’t say “lazy”','どんとせいれいじー','桜高軽音部','けいおん！ed','','A','2009-04-22'),(31,0,'ECHO','えこー','','','Crusher-P','V','2014-10-08'),(32,0,'Eli,Eli,Lema Sbachthani?','えりえりれまさばくたに','リリウム','','','P','2014-08-06'),(33,0,'EYE','あい','','','Kanaria','V','2021-07-25'),(34,0,'Fairytale,','ふぇありーている','','','buzzG','V','2012-08-08'),(35,0,'Fascinate','ふぁしねいと','VelvetRose','','','I','2019-02-28'),(36,0,'flos','ふろす','','','R Sound Design','V','2018-03-08'),(37,0,'forever we can make it!','ふぉーえばーうぃーきゃんめいくいっと','THYME','To LOVEる -とらぶる- op','','A','2008-04-23'),(38,0,'from Y to Y','ふろむわいとぅーわい','','','ジミーサムP','V','2009-03-24'),(39,0,'Get Wild','げっとわいるど','TM NETWORK','シティーハンター ed','','A','1987-04-08'),(40,0,'GHOST','ごーすと','','','アヒル軍曹P','V','2009-05-21'),(41,0,'glow','ぐろう','','','keeno','V','2010-06-28'),(42,0,'God Knows...','ごっどのーず','平野綾','涼宮ハルヒの憂鬱劇中歌','','A','2006-06-21'),(43,0,'GO!!!','ごー','FLOW','NARUTO -ナルト- op ','','A','2004-04-28'),(44,0,'GO!GO!MANIAC','ごーごーまにあっく','放課後ティータイム','けいおん!! op','','A','2010-04-28'),(45,0,'GO MY WAY!!','ごーまいうえい','','','','I','2007-01-25'),(46,0,'GONG','ごんぐ','JAM Project','第3次スーパーロボット大戦α 終焉の銀河へop','','G','2005-08-03'),(47,0,'Henceforth','へんすふぉーす','','','Orangestar','V','2020-05-21'),(48,0,'Here','ヒヤー','JUNNA','魔法使いの嫁 op','','A','2017-11-01'),(49,0,'Ib forever /「Ib」-forever-','いぶふぉーえばー','','','Diarays','V','2013-09-21'),(50,0,'INTERNET OVERDOSE','いんたーねっとおーばーどーず','Aiobahn feat. KOTOKO',' NEEDY GIRL OVERDOSE th','','G','2021-04-29'),(51,0,'INTERNET YAMERO','いんたーねっとやめろ','Aiobahn feat. KOTOKO','','','G','2023-03-17'),(52,0,'irony','あいろにー','ClariS','俺の妹がこんなに可愛いわけがないop','','A','2010-10-20'),(53,0,'I believe what you said','あいびりーぶわっとゆーせいど','亜咲花','ひぐらしのなく頃に業op','','A','2020-10-14'),(54,0,'I\'m Your Treasure Box * あなたは マリンせんちょうを たからばこからみつけた。((マリ箱))','あいむゆあとれじゃーぼっくすあなたは まりんせんちょうを たからばこからみつけた。((まりはこ))','宝鐘マリン','','','o','2022-07-31'),(55,0,'I SAY YES','あいせいいえす','ICHIKO','ゼロの使い魔～双月の騎士～op','','A','2007-07-25'),(56,0,'JOINT','じょいんと','川田まみ','灼眼のシャナIIop','','A','2007-10-31'),(57,0,'Just Be Friends','じゃすとびーふれんず','','','Dixie Flatline','V','2009-07-04'),(58,0,'Jutenija','ゆてにあ','','','DATEKEN','V','2009-05-15'),(59,0,'KICK BACK','きっくばっく','米津玄師','チェンソーマンop','','A','2022-10-12'),(60,0,'KING','きんぐ','','','Kanaria','V','2020-08-02'),(61,0,'Last Kiss','らすときす','三船美優','','','I','2018-04-04'),(62,0,'Lemon','れもん','米津玄師','','','P','2018-02-12'),(63,0,'Let\'s go!スマイルプリキュア!','れっつごーすまいるぷりきゅあ','池田彩 ','スマイルプリキュア! op','','A','2012-03-07'),(64,0,'letter song','れたーそんぐ','','','doriko','V','2008-06-26'),(65,0,'Listen!!','りっすん','放課後ティータイム','けいおん!! ed','','A','2010-04-28'),(66,0,'LOSER','るーざー','米津玄師','','','P','2016-09-28'),(67,0,'Los! Los! Los!','ろすろすろす','悠木碧','幼女戦記ed ','','A','2017-02-22'),(68,0,'Lost my music','ろすとまいみゅーじっく','','涼宮ハルヒ劇中歌','','A','2006-06-21'),(69,0,'Loveit?','らびっと','biz×ZERA ','','','P','2023-04-08'),(70,0,'Love so sweet','らぶそーすぃーと','嵐','','','P','2007-02-21'),(71,0,'Lunatic Show','るなてぃっくしょう','','','','I','2015-12-23'),(72,0,'Magia','まぎあ','Kalafina ','魔法少女まどか☆マギカed','','A','2011-02-16'),(73,0,'Make you happy','めいくゆーはっぴー','NiziU','','','P','2020-06-30'),(74,0,'Mela!','めら','緑黄色社会','','','P','2020-04-13'),(75,0,'MIRA','みら','','','Kanaria','V','2021-03-12'),(76,0,'Monster','もんすたー','嵐','','','P','2010-05-19'),(77,0,'Moon!!','むーん','月ノ美兎','','','o','2018-06-30'),(78,0,'motto☆派手にね！','もっとはでにね！','戸松遥','かんなぎop','','A','2008-10-29'),(79,0,'Mrs.Pumpkinの滑稽な夢','みせすぱんぷきんのこっけいなゆめ','米津玄師','','ハチ','V','2009-10-12'),(80,0,'My Secret','まいしーくれっと','水野佐彩','会長はメイド様!op','','A','2010-05-26'),(81,0,'My Soul, Your Beats!','まいそうるゆあびーつ','Lia','Angel Beats! op','','A','2010-05-26'),(82,0,'NARAKA','ならか','','','蝶々P','V','2012-01-06'),(83,0,'NIPPON','にっぽん','椎名林檎','','','P','2014-06-04'),(84,0,'Nocturne','のくたーん','','','','I','2015-04-23'),(85,0,'No,Thank You！','のーさんきゅー','放課後ティータイム','けいおん!! ed','','A','2010-08-04'),(86,0,'oath sign','おーすさいん','Lisa','Fate/Zero op','','A','2011-11-23'),(87,0,'O-Ku-Ri-Mo-No Sunday！','おくりものさんでい','','','','I','2019-04-02'),(88,0,'only my railgun','おんりーまいれーるがん','fripSide','とある科学の超電磁砲op','','A','2009-11-04'),(89,0,'Os-宇宙人','おーえすうちゅうじん','エリオをかまってちゃん','電波女と青春男op','','A','2011-04-27'),(90,0,'PEACH','ぴーち','大塚愛','','','P','2007-07-25'),(91,0,'Pretender','ぷりてんだー','Official髭男dism','','','P','2019-05-15'),(92,0,'Pretty Liar','ぷりてぃらいあー','ミステリアスアイズ','','','I','2018-09-19'),(93,0,'Q&Aリサイタル！','きゅーあんどえーりさいたる！','戸松遥','となりの怪物くんop','','A','2012-10-17'),(94,0,'Q','きゅー','','','椎名もた（ぽわぽわP）','V','2013-01-23'),(95,0,'RAINBOW GIRL','れいんぼーがーる','となさ','','','o','2007-12-07'),(96,0,'Rainy veil','れいにーべーる','やなぎなぎ','グリザイアの果実ed','','A','2014-12-10'),(97,0,'RAY OF LIGHT','れいおぶらいと','中川翔子','鋼の錬金術師ed','','A','2010-04-28'),(98,0,'READY!!','れでぃー','','THE IDOLM@STER op','','I','2011-08-10'),(99,0,'Rebellion','りべりおん','我那覇響','','','I','2013-06-26'),(100,0,'Rising Hope','らいじんぐほーぷ','LiSA','魔法科高校の劣等生op','','A','2014-05-07'),(101,0,'secret base～君がくれたもの～','しーくれっとべーすきみがくれたもの','ZONE','あの日見た花の名前を僕達はまだ知らない。ed','','A','2001-08-08'),(102,0,'Shine Days','しゃいんでいず','Girls Dead Monster','','','A','2010-06-09'),(103,0,'Shining stars bless☆','しゃいにんぐすたーずぶれす','詩月カオリ','ななついろ ドロップスop','','A','2007-08-01'),(104,0,'Snow halation','すのーはれーしょん','μ\'s','','','A','2010-12-22'),(105,0,'SPiCa','すぴか','','','とくP','V','2009-07-27'),(106,0,'staple stable','すていぷるすていぶる','','化物語op','','A','2009-11-04'),(107,0,'Stellar Stellar','すてらすてら','星街すいせい','','','P','2021-09-29'),(108,0,'STEP TO YOU','すてっぷとぅーゆー','','','40㍍P','V','2009-02-16'),(109,0,'sweets parade','すいーとぱれーど','髏々宮カルタ','妖狐×僕SS 6話ed','','A','2012-07-25'),(110,0,'Tell your world ','てるゆあわーるど','','','kz','V','2012-03-13'),(111,0,'This game','でぃすげーむ','鈴木このみ','ノーゲーム・ノーライフop','','A','2014-05-21'),(112,0,'Tot Musica','とっとむじか','Ado','ONE PIECE FILM RED劇中歌','','A','2022-08-10'),(113,0,'unravel','あんらべる','TK from 凛として時雨','東京喰種トーキョーグールop','','A','2014-07-23'),(114,0,'Won(*3*)Chu KissMe!','うぉんちゅーきすみー','','桜Trick op','','A','2014-01-29'),(115,0,'Wonderful Rush','わんだふるらっしゅ','μ\'s','','','A','2012-09-05'),(116,0,'Yellow-GYARIMIX-','Yellow-GYARIMIX-','','','kz','V',NULL),(117,0,'you','ゆー','癒月','ひぐらしのなく頃に拡・他多数','','A','2005-08-12'),(117,1,'you(雪野五月)','ゆー（ゆきのさつき）','雪野五月','ひぐらしのなく頃に解 目明かし編ed','','A','2007-08-17'),(118,0,'愛言葉Ⅲ','あいことば3','','','DECO*27','V','2018-10-08'),(119,0,'アイデア','あいであ','星野源','','','P','2018-08-20'),(120,0,'アイデンティティ','あいでんてぃてぃ','','','Kanaria','V','2022-01-09'),(121,0,'藍二乗','あいにじょう','ヨルシカ','','','P','2018-12-28'),(122,0,'アイネクライネ','あいねくらいね','米津玄師 ','','','P','2014-04-23'),(123,0,'愛迷エレジー ','あいまいえれじー ','','','DECO*27','V','2013-12-18'),(124,0,'曖昧劣情Lover','あいまいれつじょうLover','','','電ポルP','V','2014-08-14'),(125,0,'アイロニ ','あいろに ','','','すこっぷ','V','2012-05-24'),(126,0,'アイヲウタエ','あいをうたえ','春奈るな','〈物語〉シリーズセカンドシーズン ed','','A','2013-07-24'),(127,0,'愛をこめて花束を','あいをこめてはなたばを','Superfly','','','P','2008-02-27'),(128,0,'愛をとりもどせ！','あいをとりもどせ！','','北斗の拳op','','A','1984-10-05'),(129,0,'アウターサイエンス','あうたーさいえんす','','カゲロウプロジェクト','じん','V','2013-08-31'),(130,0,'青いベンチ','あおいべんち','サスケ','','','P','2004-04-07'),(131,0,'青空のラプソディ','あおぞらのらぷそでぃ','fhána','小林さんちのメイドラゴンop','','A','2017-01-25'),(132,0,'悪食娘コンチータ','あくじきむすめこんちーた','','','悪ノP','V','2009-03-04'),(133,0,'あした地球がこなごなになっても','あしたちきゅうがこなごなになっても','でんぱ組.inc','','','P','2015-09-16'),(134,0,'アスノヨゾラ哨戒班','あすのよぞらしょうかいはん','','','Orangestar','V','2014-08-19'),(135,0,'貴方に花を 私に唄を','あなたにはなを わたしにうたを','','','Re:nG','V','2008-05-06'),(136,0,'アニマル','あにまる','','','DECO*27','V','2021-12-16'),(137,0,'あの夏が飽和する。','あのなつがほうわする。','','','カンザキイオリ','V','2018-08-12'),(138,0,'アブストラクト・ナンセンス','あぶすとらくと・なんせんす','','','Neru','V','2011-05-06'),(140,0,'天ノ弱','あまのじゃく ','','','164','V','2011-05-28'),(140,1,'天ノ弱-みきとPのアレンジ-','あまのじゃく-みきとPのあれんじ-','','','164','V','2013-08-24'),(141,0,'アンダーカバー','あんだーかばー','','','DECO*27','V','2021-04-27'),(142,0,'アンチビート','あんちびーと','','','DECO*27','V','2014-04-28'),(143,0,'アンデッド・ダンスロック','あんでっど・だんすろっく','','','','I','2018-10-19'),(144,0,'アンドロイドガール','あんどろいどがーる','','','DECO*27','V','2019-05-03'),(145,0,'アンノウン・マザーグース','あんのうん・まざーぐーす','','','wowaka','V','2017-08-22'),(146,0,'アンハッピーリフレイン','あんはっぴーりふれいん','','','wowaka','V','2011-05-02'),(147,0,'いーあるふぁんくらぶ','いーあるふぁんくらぶ','','','みきとP','V','2012-08-15'),(148,0,'イェイ!イェイ!イェイ!','いぇい!いぇい!いぇい!','吉田仁美','スマイルプリキュア!ed','','A','2012-03-07'),(149,0,'いけないボーダーライン','いけないぼーだーらいん','ワルキューレ',' マクロスΔ','','A','2015-12-31'),(150,0,'一番の宝物 ～Yui final ver.～','いちばんのたからもの Yui final ver.','','Angel Beats! 挿入歌','','A','2010-12-08'),(151,0,'言って。','いって。','ヨルシカ','','','P','2017-06-28'),(152,0,'愛おしい今日','いとおしいきょう','植田真梨恵','','','P','2012-04-18'),(153,0,'いとしーさー♥','いとしーさー','輿水幸子、多田李衣菜、藤原肇、水本ゆかり、森久保乃々',' シンデレラガールズ劇場ED','','I','2018-07-03'),(154,0,'命に嫌われている。','いのちにきらわれている。','','','カンザキイオリ','V','2017-08-06'),(155,0,'インタビュア','いんたびゅあ','','','クワガタP','V','2011-11-04'),(156,0,'ヴァンパイア ','う゛ぁんぱいあ ','','','DECO*27','V','2021-03-09'),(157,0,'ヴィラン','う゛ぃらん','','','てにをは','V','2020-02-07'),(158,0,'浮舟','うきふね','GO!GO!7188','','','R','2002-10-09'),(159,0,'嘘つきの世界 ','うそつきのせかい ','','','すこっぷ','V','2011-06-09'),(160,0,'うたかた花火','うたかたはなび','supercell','NARUTO -ナルト- 疾風伝 ed ','','A','2010-08-25'),(161,0,'うたかたよいかないで','うたかたよいかないで','HIMEHINA','','','o','2019-09-11'),(162,0,'打上花火','うちあげはなび','DAOKO×米津玄師','打ち上げ花火、下から見るか? 横から見るか?th','','A','2017-08-16'),(163,0,'うっせぇわ','うっせぇわ','Ado','','','P','2020-10-23'),(164,0,'うまぴょい伝説','うまぴょいでんせつ','','','','G','2016-11-30'),(165,0,'うみなおし','うみなおし','','','MARETU','V','2017-08-25'),(166,0,'怨むよ、レイトサマー','うらむよ、れいとさまー','','','卯花ロク','V','2020-07-16'),(167,0,'エゴママ','えごまま','DECO*27','','DECO*27','P','2011-12-07'),(168,0,'エゴロック(ロングVer)','えごろっく(ろんぐVer)','','','すりぃ','V','2021-09-07'),(169,0,'エバ','えば','','','柊キライ','V','2020-01-03'),(170,0,'絵本『人柱アリス』','えほん『ひとばしらありす』','','','歪P','V','2008-04-30'),(171,0,'エンヴィーベイビー','えんう゛ぃーべいびー','','','Kanaria','V','2021-02-13'),(172,0,'『エンヴィーベイビー』X『KING』','えんう゛ぃーべいびーきんぐ','','','Kanaria','V','2021-11-26'),(173,0,'エンヴィキャットウォーク','えんう゛ぃきゃっとうぉーく','','','トーマ','V','2011-10-22'),(174,0,'おジャ魔女カーニバル!!','おじゃまじょかーにばる','MAHO堂','おジャ魔女どれみop','','A','1999-03-05'),(175,0,'おじゃま虫','おじゃまむし','','','DECO*27','V','2014-02-14'),(176,0,'おちゃめ機能 ','おちゃめきのう ','','','ゴジマジP','V','2010-04-01'),(177,0,'踊','おど','Ado','','','P','2021-04-27'),(178,0,'音偽バナシ','おとぎばなし','','','DECO*27','V','2013-11-30'),(179,0,'乙女解剖','おとめかいぼう','','','DECO*27','V','2019-01-18'),(180,0,'お願いマッスル','おねがいまっする','','ダンベル何キロ持てる?op','','A','2019-07-24'),(181,0,'オリオンをなぞる','おりおんをなぞる','UNISON SQUARE GARDEN','TIGER & BUNNY op','','A','2011-05-11'),(182,0,'オルターエゴ','おるたーえご','','','Misumi','V','2019-08-16'),(183,0,'オレンジ','おれんじ','','とらドラ! ed','','A','2009-01-28'),(184,0,'ガーネット','がーねっと','奥華子','時をかける少女 th','','P','2006-07-12'),(185,0,'怪物','かいぶつ','YOASOBI','BEASTARS(S2)op','','A','2021-01-06'),(186,0,'帰り道は遠回りしたくなる','かえりみちはとおまわりしたくなる','乃木坂46','','','P','2018-11-14'),(187,0,'限りなく灰色へ','かぎりなくはいいろへ','25時、ナイトコードで。','プロジェクトセカイ カラフルステージ！ feat. 初音ミク','すりぃ','G','2021-02-26'),(188,0,'かくしん的☆めたまるふぉ～ぜっ!','かくしんてき☆めたまるふぉぜっ!','','干物妹!うまるちゃんop','','A','2015-08-19'),(189,0,'革命デュアリズム','かくめいでゅありずむ','水樹奈々×T.M.Revolution','革命機ヴァルヴレイヴ(s2)op','','A','2013-10-23'),(190,0,'影踏みエトランゼ','かげふみえとらんぜ','','','Substreet','V','2011-01-29'),(191,0,'カゲロウデイズ','かげろうでいず','','メカクシティアクターズ','じん(自然の敵P)','A','2011-09-30'),(192,0,'風になる','かぜになる','つじあやの','猫の恩返しth','','A','2002-06-26'),(193,0,'片翼のイカロス','かたよくのいかろす','榊原ゆい','H2O -FOOTPRINTS IN THE SAND-op','','A','2008-01-25'),(194,0,'片翼の鳥','かたよくのとり','志方あきこ','うみねこのなく頃にop','','A','2009-08-19'),(195,0,'悲しみをやさしさに','かなしみをやさしさに','little by little','NARUTO -ナルト- op','','A','2003-12-17'),(196,0,'奏','かなで','スキマスイッチ','一週間フレンズ。ed','','A','2004-03-10'),(197,0,'神様のシンドローム','かみさまのしんどろーむ','彩音','ひぐらしのなく頃に業ed','','A','2020-11-04'),(198,0,'神様、仏様','かみさま、ほとけさま','椎名林檎','','','P','2015-08-05'),(199,0,'神っぽいな','かみっぽいな','','','ピノキオピー','V','2021-09-17'),(200,0,'神のまにまに','かみのまにまに','','','れるりり','V','2014-02-07'),(201,0,'からくりピエロ','からくりぴえろ','','','40㍍P','V','2011-07-15'),(202,0,'カラフル','からふる','ClariS','劇場版魔法少女まどか☆マギカ[新編] 叛逆の物語op','','A','2013-10-30'),(203,0,'カルマ','かるま','BUMP OF CHICKEN','テイルズ オブ ジ アビスop','','A','2005-11-23'),(204,0,'変わらないもの','かわらないもの','奥華子','時をかける少女ins','','A','2006-07-12'),(205,0,'カンタレラ','かんたれら','','','黒うさP','V','2008-02-18'),(206,0,'ギブス','ぎぶす','椎名林檎','','','P','2000-01-26'),(207,0,'帰天','きてん','皇黄リリエ×塚越雄一朗','','','o','2022-10-30'),(208,0,'気まぐれメルシィ','きまぐれめるしぃ','','','八王子P','V','2016-06-03'),(209,0,'キメラ','きめら','','','DECO*27','V','2022-04-02'),(210,0,'君色に染まる','きみいろにそまる','TOKOTOKO','','西沢さんP','V','2015-11-06'),(211,0,'キミがいれば','きみがいれば','伊織','劇場版名探偵コナン 時計じかけの摩天楼 挿入歌・他','','A','1997-04-03'),(212,0,'君じゃなきゃダメみたい','きみじゃなきゃだめみたい','オーイシマサヨシ','月刊少女野崎くんop','','A','2014-08-27'),(213,0,'君に届け','きみにとどけ','flumpool','','','P','2010-09-29'),(214,0,'キミのアシタ','きみのあした','FLIP-FLAP ','ふしぎ星の☆ふたご姫 Gyu! op','','A','2006-04-26'),(215,0,'君の神様になりたい。','きみのかみさまになりたい。','','','カンザキイオリ','V','2017-10-01'),(216,0,'君の知らない物語','きみのしらないものがたり','supercell','化物語ed','','A','2009-08-12'),(217,0,'キミノヨゾラ哨戒班','きみのよぞらしょうかいはん','','','Orangestar','V','2015-08-19'),(218,0,'君よ　気高くあれ','きみよ　けたかくあれ','シユイ ','機動戦士ガンダム 水星の魔女ed','','A','2022-11-09'),(219,0,'キャンディアディクトフルコォス','きゃんでぃあでぃくとふるこぉす','','','マチゲリータP','V','2010-06-21'),(220,0,'きゅうくらりん','きゅうくらりん','','','いよわ','V','2021-08-29'),(221,0,'凶夢伝染','きょうむでんせん','ALI PROJECT','Another op','','A','2012-01-25'),(222,0,'きらいな人','きらいなひと','','','石風呂','V','2011-09-02'),(223,0,'キラキラ','きらきら','aiko','','','P','2005-08-03'),(224,0,'ギラギラ','ぎらぎら','Ado','','','P','2021-02-14'),(225,0,'キリトリセン','きりとりせん','','','40㍍P','V','2011-02-26'),(226,0,'禁じられた遊び','きんじられたあそび','ALI PROJECT','ローゼンメイデンop','','A','2004-10-22'),(227,0,'空想庭園依存症','くうそうていえんいぞんしょう','','','cosMo（暴走P）','V','2009-06-09'),(228,0,'空想メソロギヰ','くうそうめそろぎい','妖精帝國','未来日記op ','','A','2011-10-26'),(229,0,'鎖の少女','くさりのしょうじょ','','','のぼる↑','V','2009-10-26'),(230,0,'腐れ外道とチョコレゐト','くされげどうとちょこれゐと','','','ピノキオピー','V','2011-01-10'),(231,0,'紅蓮の弓矢','ぐれんのゆみや','Linked Horizon','進撃の巨人op','','A','2013-07-10'),(232,0,'紅蓮華','ぐれんげ','LiSA',' 鬼滅の刃op','','A','2019-04-22'),(233,0,'下剋上(完)','げこくじょう(かん)','','','一行P','V','2008-04-02'),(234,0,'ゴーゴー幽霊船','ごーごーゆうれいせん','米津玄師','','','P','2012-02-20'),(235,0,'ゴー・ザ・ディスタンス','ごー・ざ・でぃすたんす','','ヘラクレスth（ディズニー長編）','','A','1997-07-18'),(236,0,'ゴーストルール','ごーすとるーる','','','DECO*27','V','2016-01-08'),(237,0,'コールボーイ','こーるぼーい','','','syudou','V','2019-04-13'),(238,0,'恋暴動','こいぼうどう','HAPPY BIRTHDAY','貧乏神が!ed','','A','2012-08-15'),(239,0,'恋は渾沌の隷也','こいはかおすのしもべなり','','這いよれ！ニャル子さんW op','','A','2013-04-24'),(240,0,'恋は戦争','こいはせんそう','','','ryo','V','2008-02-22'),(241,0,'恋','こい','星野源','','','P','2016-10-05'),(242,0,'五月の蝿','ごがつのはえ','RADWIMPS','','','R','2013-10-16'),(243,0,'告白','こくはく','平井堅','','','P','2012-05-30'),(244,0,'極楽鳥 -bird of paradise-','ごくらくちょう ばーどおぶぱらだいす','','','ゆうゆ','V','2008-10-06'),(245,0,'心做し','こころなし','','','蝶々P','V','2014-01-05'),(246,0,'午前六時','ごぜんろくじ','中川翔子','','','P','2009-04-29'),(247,0,'コッペリアの柩','こっぺりあのひつぎ','ALI PROJECT','','','A','1999-12-24'),(247,1,'コッペリアの柩(Noir Ver.)','こっぺりあのひつぎNoirVer','ALI PROJECT','NOIR op','','A','2001-05-23'),(248,0,'五等分の気持ち','ごとうぶんのきもち','','五等分の花嫁op','','A','2019-01-30'),(249,0,'言葉より大切なもの','ことばよりたいせつなもの','嵐','','','P','2003-09-03'),(250,0,'粉雪','こなゆき','レミオロメン','','','P','2005-11-16'),(251,0,'コネクト','こねくと','ClariS','魔法少女まどか☆マギカop','','A','2011-02-02'),(252,0,'コンプレックス・イマージュ','こんぷれっくす・いまーじゅ','彩音','ひぐらしのなく頃に祭(澪尽し編)op','','G','2007-02-22'),(253,0,'最愛','さいあい','福山雅治 KOH+ ','','','P','2008-10-01'),(254,0,'サイノウサンプラー','さいのうさんぷらー','','','電ポルP','V','2010-11-25'),(255,0,'サイハテ～バラードアレンジ～','さいはてばらーどあれんじ','','','残鏡P','V','2008-03-08'),(256,0,'桜のあと(all quartets lead to the?)','さくらのあと　おーるかるてっつりーどとぅざ','UNISON SQUARE GARDEN','夜桜四重奏 ～ハナノウタ～op','','A','2013-11-06'),(257,0,'サクラノ前夜','さくらのぜんや','','','ナノウ','V','2010-04-08'),(258,0,'サディスティック・ラブ','さでぃすてぃっく・らぶ','','','Junky','V','2011-01-13'),(259,0,'サマータイムレコード','さまーたいむれこーど','','','じん','V','2013-09-02'),(260,0,'さようなら、花泥棒さん','さようなら、はなどろぼうさん','','','メル','V','2015-04-03'),(261,0,'さよならアンドロメダ','さよならあんどろめだ','','','','I','2017-10-18'),(262,0,'さよならメモリーズ','さよならめもりーず','supercell(/ClariS)','','','P','2010-02-10'),(263,0,'サリシノハラ','さりしのはら','','','みきとP','V','2012-10-04'),(264,0,'残酷な天使のテーゼ','ざんこくなてんしのてーぜ','高橋洋子','新世紀エヴァンゲリオンop','','A','1995-10-25'),(265,0,'惨事のハニー','さんじのはにー','','','梨本P','V','2009-03-04'),(266,0,'サンドリヨン（Cendrillon）','さんどりよん','','','シグナルP','V','2008-08-25'),(267,0,'Θ','しーた','','','cosMo（暴走P）','V','2008-09-13'),(268,0,'ジェンガ','じぇんが','','','40㍍P','V','2010-01-31'),(269,0,'シザーハンズ','しざーはんず','','','Nem','V','2009-11-24'),(270,0,'自傷無色','じしょうむしょく','','','ねこぼーろ','V','2013-01-20'),(271,0,'七転八起☆至上主義!','しちてんはっきしじょうしゅぎ','KOTOKO','ハヤテのごとく! op','','A','2007-10-17'),(272,0,'死にたがり','しにたがり','','','梨本P','V','2010-02-23'),(273,0,'島人ぬ宝','しまんちゅぬたから','BEGIN','','','P','2002-05-22'),(274,0,'シャルル','しゃるる','','','バルーン','V','2016-10-12'),(275,0,'シャンティ','しゃんてぃ','','','wotaku','V','2021-09-17'),(276,0,'シュガーソングとビターステップ','しゅがーそんぐとびたーすてっぷ','UNISON SQUARE GARDEN','血界戦線ed','','A','2015-05-20'),(277,0,'十面相','じゅうめんそう','','','YM','V','2011-01-14'),(278,0,'祝福','しゅくふく','YOASOBI','機動戦士ガンダム 水星の魔女op','','A','2022-10-01'),(279,0,'純潔パラドックス','じゅんけつぱらどっくす','水樹奈々','BLOOD-C ed','','A','2011-08-03'),(280,0,'少女S','しょうじょえす','SCANDAL','BLEACH op','','A','2009-06-17'),(281,0,'少女迷路でつかまえて','しょうじょめいろでつかまえて','美郷あき ','ストロベリー・パニックop','','A','2006-04-26'),(282,0,'少女レイ','しょうじょれい','','','みきとP','V','2018-07-18'),(284,0,'シリョクケンサ','しりょくけんさ ','','','40㍍P','V','2011-08-06'),(284,1,'シリョクケンサ【DECO*27ver.】','しりょくけんさ【DECO*27ver.】','','','40㍍P','V','2014-02-28'),(285,0,'シル・ヴ・プレジデント','しる・う゛・ぷれじでんと','P丸様。','','ナナホシ管弦楽団','o','2021-03-17'),(286,0,'深愛','しんあい','水樹奈々','WHITE ALBUM op','','A','2009-01-21'),(287,0,'深海少女','しんかいしょうじょ','','','ゆうゆ','V','2010-09-01'),(287,1,'深海少女 -deep sea girl-','しんかいしょうじょ　でぃーぷしーがーる','','','ゆうゆ','V','2022-12-16'),(288,0,'シンデレラガール','しんでれらがーる','King & Prince','','','P','2018-05-23'),(289,0,'スイートマジック','すいーとまじっく','ろん','','Junky','o','2011-04-02'),(290,0,'スキスキ絶頂症','すきすきぜっちょうしょう','','','電ポルP','V','2014-02-13'),(291,0,'好き！雪！本気マジック','すき！ゆき！まじまじっく','','','Mitchie M','V','2014-02-01'),(292,0,'ストリーミングハート','すとりーみんぐはーと','','','DECO*27','V','2014-03-21'),(293,0,'スパークル [original ver.]','すぱーくる','RADWIMPS','','','R','2016-11-23'),(294,0,'スロウダウナー','すろうだうなー','','','ろくろ','V','2018-07-01'),(295,0,'星間飛行','せいかんひこう','','マクロスF ins','','A','2008-06-25'),(296,0,'青春アミーゴ','せいしゅんあみーご','修二と彰','','','P','2005-11-02'),(297,0,'青春狂騒曲','せいしゅんきょうそうきょく','サンボマスター','NARUTO -ナルト-op','','A','2004-12-01'),(298,0,'聖少女領域','せいしょうじょりょういき','ALI PROJECT','ローゼンメイデントロイメントop','','A','2005-10-26'),(299,0,'せかいが終わるまえに','せかいがおわるまえに','下地紫野','','','P','2016-10-26'),(300,0,'絶対的関係性推進論','ぜったいてきかんけいせいすいしんろん','','','ぴぼ','V','2016-05-02'),(301,0,'千の言葉と二人の秘密','せんのことばとふたりのひみつ','中川翔子','','','P','2010-08-18'),(302,0,'千本桜','せんぼんざくら','','','黒うさP','V','2011-09-17'),(303,0,'創傷イノセンス','そうしょういのせんす','内田真礼','悪魔のリドルop','','A','2014-04-23'),(304,0,'創聖のアクエリオン','そうせいのあくえりおん','AKINO','創聖のアクエリオンop','','A','2005-04-27'),(305,0,'そばかす','そばかす','JUDY AND MARY','るろうに剣心 -明治剣客浪漫譚- op','','A','1996-02-19'),(306,0,'空色デイズ','そらいろでいず','中川翔子','天元突破グレンラガンop','','A','2007-06-27'),(307,0,'ゾンビ','ぞんび','','','DECO*27','V','2022-07-29'),(307,1,'ゾンビ（Giga Waha Remix)','ぞんび','','','Giga','V','2023-02-07'),(308,0,'ダーリンダンス','だーりんだんす','','','かいりきベア','V','2020-08-30'),(309,0,'対象a','たいしょうあー','anNina','ひぐらしのなく頃に解ed','','A','2007-08-22'),(310,0,'抱いてセニョリータ','だいてせにょりーた','山下智久','','','P','2006-05-31'),(311,0,'太陽曰く燃えよカオス','たいよういわくもえよかおす','','這いよれ! ニャル子さんop','','A','2012-05-23'),(312,0,'だから僕は音楽を辞めた','だからぼくはおんがくをやめた','ヨルシカ','','','R','2019-04-10'),(313,0,'ただ君に晴れ','ただきみにはれ','ヨルシカ','','','R','2018-05-04'),(314,0,'ダダダダ天使','だだだだてんし','ナナヲアカリ','','','P','2017-04-29'),(315,0,'ダブルラリアット','だぶるらりあっと','','','アゴアニキP','V','2009-02-05'),(316,0,'魂のルフラン','たましいのるふらん','高橋洋子','新世紀エヴァンゲリオン劇場版 シト新生th','','A','1997-02-21'),(317,0,'誰かの心臓になれたなら ','だれかのしんぞうになれたなら ','','','ユリイ・カノン','V','2018-02-12'),(318,0,'だんご大家族','だんごだいかぞく','','CLANNAD ed','','A','2007-10-26'),(319,0,'ダンスホール','だんすほーる','Mrs. GREEN APPLE','','','P','2022-05-24'),(320,0,'ダンスロボットダンス','だんすろぼっとだんす','','','ナユタン星人','V','2016-12-06'),(321,0,'小さな恋のうた','ちいさなこいのうた','MONGOL800 カバー多数','','','P','2001-09-16'),(322,0,'チカっとチカ千花っ♡','ちかっとちかちか','','かぐや様は告らせたい','','A','2019-01-26'),(323,0,'ちゅ、多様性。','ちゅ、たようせい。','ano','チェンソーマンed','','A','2022-11-23'),(324,0,'チュルリラ・チュルリラ・ダッダッダ！','ちゅるりら・ちゅるりら・だっだっだ！','','','くらげP','V','2016-02-22'),(325,0,'チェリー','ちぇりー','スピッツ','','','P','1996-04-10'),(326,0,'チルドレンレコード','ちるどれんれこーど','','','じん','V','2012-07-21'),(327,0,'ツキアカリのミチシルベ','つきあかりのみちしるべ','ステレオポニー','DARKER THAN BLACK op','','A','2009-11-04'),(328,0,'月乃','つきの','','','めざめP','V','2011-11-06'),(329,0,'月のしずく','つきのしずく','RUI','','','P','2003-01-15'),(330,0,'続く世界','つづくせかい','中川翔子','劇場版 天元突破グレンラガン 紅蓮篇th','','A','2008-09-10'),(331,0,'ツマンネ？','つまんね？','','','オワタP','V','2008-07-26'),(332,0,'罪と罰 ','つみとばつ ','','','DECO*27','V','2009-09-08'),(333,0,'テレキャスタービーボーイ','てれきゃすたーびーぼーい','','','すりぃ','V','2019-04-13'),(334,0,'天樂','てんがく','','','ゆうゆ','V','2009-08-12'),(335,0,'天使にふれたよ!','てんしにふれたよ!','放課後ティータイム','けいおん!! 挿入歌','','A','2010-10-27'),(336,0,'てんしょう　しょうてんしょう','てんしょう　しょうてんしょう','','','きくお','V','2012-11-08'),(337,0,'ドーナツホール','どーなつほーる','','','ハチ','V','2013-10-28'),(338,0,'東京サマーセッション','とうきょうさまーせっしょん','','','ゴム','V','2015-07-24'),(339,0,'トウキョウ・シャンディ・ランデヴ','とうきょう・しゃんでぃ・らんでう゛','ツキミ','うる星やつら(2022年)op','','A','2022-10-21'),(340,0,'東京テディベア','とうきょうてでぃべあ','','','Neru','V','2011-08-14'),(341,0,'童話迷宮','どうわめいきゅう','田村ゆかり ','おとぎ銃士 赤ずきんop','','A','2006-08-02'),(342,0,'時を刻む唄','ときをきざむうた','Lia','CLANNAD ～AFTER STORY～op','','A','2008-11-14'),(343,0,'ド屑','どくず','','','なきそ','V','2022-03-05'),(344,0,'とても素敵な六月でした','とてもすてきなろくがつでした','','','Eight','V','2014-06-13'),(345,0,'とまどい→レシピ','とまどい→れしぴ','','未確認で進行形op','','A','2014-02-19'),(346,0,'とらぶるめーかー','とらぶるめーかー','','ひめごとop','','A','2014-03-05'),(347,0,'鳥の詩','とりのうた','Lia','AIR op','','A','2000-09-08'),(348,0,'トリカゴ','とりかご','XX:me','ダーリン・イン・ザ・フランキス ed','','A','2018-03-28'),(349,0,'ドレミファロンド','どれみふぁろんど','','','40㍍P','V','2012-01-17'),(350,0,'トンデモワンダーズ','とんでもわんだーず','','','ささくれP','V','2021-06-19'),(351,0,'ないものねだり','ないものねだり','KANA-BOON','','','P','2013-04-24'),(352,0,'嘆きノ森','なげきのもり','','ひぐらしのなく頃に祭op','','G','2007-02-22'),(353,0,'涙そうそう','なだそうそう','森山良子 カバー多数','','','P','2000-03-23'),(354,0,'青と夏 ','あおとなつ ','Mrs. GREEN APPLE','','','P','2018-08-01'),(355,0,'撫でんな','なでんな','','','柊マグネタイト','V','2022-04-15'),(356,0,'名前のない怪物','なまえのないかいぶつ','EGOIST','名前のない怪物ed','','A','2012-12-05'),(357,0,'ナミダ','なみだ','','','MARETU','V','2021-05-21'),(358,0,'涙の種、笑顔の花','なみだのたね、えがおのはな','','劇場版 天元突破グレンラガン 螺巌篇','','A','2009-04-29'),(359,0,'奈落の花','ならくのはな','島みやえい子','ひぐらしのなく頃に解op','','A','2007-08-22'),(360,0,'なれのはて','なれのはて','','','梨本P','V','2009-05-24'),(361,0,'二息歩行','にそくほこう','','','DECO*27','V','2009-08-28'),(361,1,'二息歩行(Reloaded)','にそくほこう(りろーでっど)','','','DECO*27','V','2020-06-26'),(362,0,'ニルヴァーナ','にるう゛ぁーな','MUCC','妖狐×僕SS op','','A','2012-03-07'),(363,0,'ネオネオン','ねおねおん','','','DECO*27','V','2020-11-27'),(364,0,'猫','ねこ','DISH//','','','P','2017-08-16'),(365,0,'ノーザンクロス','のーざんくろす','シェリル・ノーム starring May\'n','マクロスF ed','','A','2008-08-20'),(366,0,'ノーポイ！','のーぽい！','','ご注文はうさぎですか?? op','','A','2015-11-11'),(367,0,'灰色と青','はいいろとあお','米津玄師','','','P','2017-10-11'),(368,0,'バイビーベイビーサヨウナラ','ばいびーべいびーさようなら','','','saiB','V','2009-09-28'),(369,0,'白日','はくじつ','King Gnu','','','R','2019-02-22'),(370,0,'はじまりのセツナ','はじまりのせつな','','明日ちゃんのセーラー服op','','A','2022-02-23'),(371,0,'パート・オブ・ユア・ワールド(日本語ver) ','ぱーと・おぶ・ゆあ・わーるど(にほんごver) ','','リトル・マーメイド','','A','2000-08-09'),(372,0,'初めての恋が終わる時','はじめてのこいがおわるとき','','','ryo','V','2008-12-12'),(373,0,'パズル ','ぱずる ','','','クワガタP','V','2009-09-05'),(374,0,'初恋日記','はつこいにっき','','','香椎モイミ','V','2022-09-17'),(375,0,'ハッピーウエディング前ソング（原曲）','はっぴーうえでぃんぐまえそんぐ','ヤバイTシャツ屋さん','','','R','2017-09-20'),(376,0,'ハッピーエンド','はっぴーえんど','back number','','','P','2016-11-16'),(377,0,'花咲く☆最強レジェンドDays','はなさくさいきょうれじぇんどDays','','生徒会役員共＊ op','','A','2014-01-22'),(378,0,'花に亡霊','はなにぼうれい','ヨルシカ','泣きたい私は猫をかぶるth','','A','2020-04-22'),(379,0,'ハナノイロ','はなのいろ','nano.RIPE','花咲くいろはop','','A','2011-04-20'),(380,0,'ハナマル☆センセイション','はなまる☆せんせいしょん','Little Non','こどものじかんed','','A','2007-10-12'),(381,0,'ハナミズキ','はなみずき','一青窈','','','P','2004-02-11'),(382,0,'破滅の純情','はめつのじゅんじょう','ワルキューレ','マクロスΔ ed','','A','2016-08-10'),(383,0,'ハヤテのごとく！','はやてのごとく！','','ハヤテのごとく! op','','A','2007-05-23'),(384,0,'薔薇獄乙女','ばらごくおとめ','ALI PROJECT','ローゼンメイデン オーベルテューレop','','A','2006-12-06'),(385,0,'パラジクロロベンゼン','ぱらじくろろべんぜん','','','オワタP','V','2009-09-19'),(386,0,'バリバリ最強No.1','ばりばりさいきょうなんばーわん','FEEL SO BAD','地獄先生ぬ～べ～op','','A','1996-05-20'),(387,0,'ハルイチ。','はるいち。','','','DECO*27','V','2009-04-09'),(388,0,'遥か彼方','はるかかなた','ASIAN KUNG-FU GENERATION','NARUTO -ナルト- op','','A','2002-11-25'),(389,0,'ハルジオン','はるじおん','YOASOBI','','','P','2020-05-11'),(390,0,'春泥棒','はるどろぼう','ヨルシカ','','','P','2021-01-09'),(391,0,'春擬き','はるもどき','やなぎなぎ','やはり俺の青春ラブコメはまちがっている。続op','','A','2015-06-03'),(392,0,'春よ、来い','はるよ、こい','松任谷由実','','','P','1994-10-24'),(393,0,'ハレ晴レユカイ','はれせいれゆかい','平野綾 、茅原実里、後藤邑子','涼宮ハルヒの憂鬱ed','','A','2006-05-10'),(394,0,'バレンタイン・キッス','ばれんたいんきっす','国生さゆり カバー多数','','','P','1986-02-01'),(395,0,'ハロ／ハワユ','はろ／はわゆ','','','ナノウ','V','2010-07-20'),(396,0,'パンダヒーロー','ぱんだひーろー','','','ハチ','V','2011-01-23'),(397,0,'ピースサイン','ぴーすさいん','米津玄師','僕のヒーローアカデミア(S2)op','','A','2017-04-29'),(398,0,'ひぐらしのなく頃に','ひぐらしのなくごろに','島みやえい子','ひぐらしのなく頃にop','','A','2006-05-24'),(399,0,'ビターチョコデコレーション','びたーちょこでこれーしょん','','','syudou','V','2019-01-04'),(400,0,'ピチカート日和','ぴちかーとひより','kukui','ローゼンメイデン トロイメント金糸雀cs','','A','2007-04-25'),(401,0,'ヒッチコック','ひっちこっく','ヨルシカ','','','P','2018-04-11'),(402,0,'ヒトガタ','ひとがた','HIMEHINA','バーチャルさんはみているed','','A','2019-01-09'),(403,0,'ヒトツボシ','ひとつぼし','KOH+','','','P','2022-09-14'),(404,0,'瞳をとじて','ひとみをとじて','平井 堅','','','P','2004-04-18'),(405,0,'ヒトリゴト','ひとりごと','ClariS','エロマンガ先生op','','A','2017-04-28'),(406,0,'「ひとりで生きられそう」ってそれってねえ、褒めているの？','ひとりでいきられそうってそれってねえ、ほめているの？','Juice=Juice','','','P','2019-06-05'),(407,0,'独りんぼエンヴィー','ひとりんぼえんう゛ぃー','','','電ポルP','V','2012-11-29'),(408,0,'美に入り彩を穿つ','びにいりさいをうがつ','','','','I','2018-01-12'),(409,0,'ピニャコラーダ','ぴにゃこらーだ','','','ねじ式','V','2017-09-26'),(410,0,'ヒバナ','ひばな','','','DECO*27','V','2017-08-04'),(411,0,'ヒバリ','ひばり','HIMEHINA','','','o','2019-07-01'),(412,0,'ひまわりの約束','ひまわりのやくそく','秦基博','STAND BY ME ドラえもんth・他','','P','2014-08-06'),(413,0,'秘密の扉から会いに来て','ひみつのとびらからあいにきて','田村ゆかり','のうりんop','','A','2014-02-05'),(414,0,'白夜～True Light～','びゃくやとぅるーらいと','宮本駿一','D・N・ANGEL op','','A','2003-05-07'),(415,0,'ぴゅあぴゅあはーと','ぴゅあぴゅあはーと','放課後ティータイム','','','A','2010-06-02'),(416,0,'秒針を噛む','びょうしんをかむ','ずっと真夜中でいいのに。','','','P','2018-06-04'),(417,0,'ファンサ','ふぁんさ','mona','','','o','2019-06-21'),(418,0,'フォニイ','ふぉにい','','','ツミキ','V','2021-06-05'),(419,0,'冬がくれた予感','ふゆがくれたよかん','BiBi(μ\'s)','','','A','2014-12-24'),(420,0,'プライド革命','ぷらいどかくめい','','銀魂ﾟop','','A','2015-08-05'),(421,0,'フラジール','ふらじーる','','','ぬゆり','V','2016-09-10'),(422,0,'プラチナ','ぷらちな','坂本真綾','カードキャプターさくら さくらカード編op','','A','1999-10-21'),(423,0,'ブラック★ロックシューター','ぶらっく★ろっくしゅーたー','','ブラック★ロックシューターop','ryo','A','2008-06-13'),(424,0,'プラトニック・ラヴ','ぷらとにっく・らう゛','','','メル','V','2015-06-03'),(425,0,'プラネタリウム','ぷらねたりうむ','大塚愛 ','','','P','2005-09-21'),(426,0,'ブリキノダンス','ぶりきのだんす','','','日向電工','V','2013-03-10'),(427,0,'プリキュア5、スマイル go go！','ぷりきゅあ5ふぁいぶ、すまいる ごーごー','','Yes!プリキュア5 op','','A','2007-03-07'),(428,0,'プリパラOPメドレー（ミラクル☆パラダイス他）','ぷりぱらOPめどれー','','','','A','2014-11-12'),(429,0,'ふ・れ・ん・ど・し・た・い','ふ・れ・ん・ど・し・た・い','','がっこうぐらし！op','','A','2015-07-29'),(430,0,'ふわふわ時間','ふわふわたいむ','桜高軽音部','けいおん!劇中歌','','A','2009-05-20'),(431,0,'ベノム','べのむ','','','かいりきベア','V','2018-08-02'),(432,0,'ペテン師が笑う頃に','ぺてんしがわらうころに','','','梨本P','V','2009-05-12'),(433,0,'冒険でしょでしょ？','ぼうけんでしょでしょ？','平野綾','涼宮ハルヒの憂鬱op','','A','2006-04-26'),(434,0,'亡國覚醒カタルシス','ぼうこくかくせいかたるしす','ALIPROJECT','.hack//Roots ed','','A','2006-05-24'),(435,0,'ポーカーフェイス','ぽーかーふぇいす','','','ゆちゃP','V','2010-11-29'),(436,0,'撲殺天使ドクロちゃん','ぼくさつてんしどくろちゃん','','撲殺天使ドクロちゃんop','','A','2005-04-22'),(437,0,'ぼくのフレンド','ぼくのふれんど','みゆはん','けものフレンズed','','A','2017-02-22'),(438,0,'僕は初音ミクとキスをした','ぼくははつねみくときすをした','','','みきとP','V','2013-05-17'),(439,0,'ボッカデラベリタ','ぼっかでらべりた','','','柊キライ','V','2020-04-26'),(440,0,'ぼなぺてぃーと♡S','ぼなぺてぃーとS','','ブレンド・S op','','A','2017-11-22'),(441,0,'本能','ほんのう','椎名林檎','','','R','1999-10-27'),(442,0,'マーシャル・マキシマイザー','まーしゃる・まきしまいざー','','','柊マグネタイト','V','2021-08-21'),(443,0,'マトリョシカ','まとりょしか','','','ハチ','V','2010-08-19'),(444,0,'丸ノ内サディスティック','まるのうちさでぃすてぃっく','椎名林檎','','','P','1999-02-24'),(445,0,'右肩の蝶','みぎかたのちょう','','','のりP','V','2009-04-01'),(446,0,'みくみくにしてあげる♪','みくみくにしてあげる♪','','','ika','V','2007-09-20'),(447,0,'ミックスナッツ','みっくすなっつ','Official髭男dism','SPY×FAMILYop','','A','2022-04-15'),(448,0,'蜜月アン・ドゥ・トロワ','みつげつあん・どぅ・とろわ','','','DATEKEN','V','2013-02-15'),(449,0,'無形スピリット','むけいすぴりっと','柴咲コウ','','DECO*27','P','2011-02-09'),(450,0,'結ンデ開イテ羅刹ト骸','むすんでひらいてらせつとむくろ','','','ハチ','V','2009-07-06'),(451,0,'メグメル','めぐめる','','CLANNAD op','','A','2005-01-28'),(452,0,'めざせポケモンマスター','めざせぽけもんますたー','松本梨香','ポケットモンスターop','','A','1997-06-28'),(453,0,'メフィスト','めふぃすと','女王蜂','【推しの子】ed','','A','2023-04-20'),(454,0,'メランコリック','めらんこりっく','','','Junky','V','2010-04-19'),(455,0,'メリュー','めりゅー','','','n-buna（ナブナ）','V','2015-05-12'),(456,0,'メルト','めると','','','ryo','V','2007-12-07'),(456,1,'メルト 10th ANNIVERSARY MIX ','めると てんすあにばーさりーみっくす','','','ryo','V','2017-12-24'),(457,0,'妄想感傷代償連盟','もうそうかんしょうだいしょうれんめい','','','DECO*27','V','2016-11-18'),(458,0,'妄想税','もうそうぜい','','','DECO*27','V','2013-09-07'),(459,0,'モザイクロール','もざいくろーる','','','DECO*27','V','2010-07-15'),(459,1,'モザイクロール（40mPver）','もざいくろーる（40mPver）','','','DECO*27','V','2014-03-13'),(459,2,'モザイクロール(Reloaded)','もざいくろーる(Reloaded)','','','DECO*27','V','2021-10-08'),(460,0,'もってけ！セーラーふく','もってけ！せーらーふく','','らき☆すたop','','A','2007-05-23'),(461,0,'やさしさに包まれたなら','やさしさにつつまれたなら','荒井由実','魔女の宅急便ed','','A','1974-04-20'),(462,0,'ヤンキーボーイ・ヤンキーガール','やんきーぼーい・やんきーがーる','','','トーマ','V','2013-03-05'),(463,0,'夕立のりぼん','ゆうだちのりぼん','','','みきとP','V','2012-11-07'),(464,0,'指切り','ゆびきり','','','すこっぷ','V','2010-04-28'),(465,0,'夢見る少女じゃいられない','ゆめみるしょうじょじゃいられない','相川七瀬','','','R','1995-11-08'),(466,0,'ゆるふわ樹海ガール','ゆるふわじゅかいがーる','','','石風呂','V','2011-10-14'),(467,0,'夜明けと蛍','よあけとほたる','','','n-buna（ナブナ）','V','2014-11-11'),(468,0,'ようこそジャパリパークへ','ようこそじゃぱりぱーくへ','','けものフレンズop','','A','2017-02-08'),(469,0,'吉原ラメント','よしはららめんと','','','亜沙','V','2012-07-20'),(470,0,'夜もすがら君想ふ','よもすがらきみおもふ','TOKOTOKO','','西沢さんP','V','2014-03-27'),(471,0,'夜に駆ける','よるにかける','YOASOBI','','','P','2019-12-15'),(472,0,'弱虫モンブラン','よわむしもんぶらん','','','DECO*27','V','2010-04-15'),(473,0,'ライアーダンス','らいあーだんす','','','DECO*27','V','2016-05-27'),(474,0,'ライオン','らいおん','May\'n / 中島愛','マクロスF op','','A','2008-08-20'),(475,0,'來人具惨 ','らいじんぐさん ','La prière','','','P','2021-08-22'),(476,0,'楽園の扉','らくえんのとびら','青葉りんご','','','G','2019-03-08'),(477,0,'ラズベリー＊モンスター','らずべりー＊もんすたー','','','ゴム','V','2013-06-06'),(478,0,'ラバソー ～lover soul～','らばそー らばーそうる','柴咲コウ','','','P','2009-09-16'),(479,0,'ラブカ？','らぶか？','Ado','','柊キライ','V','2020-12-11'),(480,0,'ラブドール','らぶどーる','','','DECO*27','V','2014-05-30'),(481,0,'ラプンツェル','らぷんつぇる','','','n-buna（ナブナ）','V','2016-07-06'),(482,0,'リバーシブル・キャンペーン','りばーしぶる・きゃんぺーん','','','DECO*27','V','2016-09-16'),(483,0,'リブート','りぶーと','miwa','','','P','2019-08-14'),(484,0,'リンネ','りんね','','','ハチ','V','2010-07-21'),(485,0,'ルージュの伝言','るーじゅのでんごん','荒井由実','魔女の宅急便op','','A','1975-02-20'),(486,0,'ルカルカ★ナイトフィーバー','るかるか★ないとふぃーばー','','','samfree','V','2009-02-12'),(487,0,'レクイエム','れくいえむ','','','Kanaria','V','2023-04-22'),(488,0,'恋愛サーキュレーション','れんあいさーきゅれーしょん','','化物語op','','A','2010-01-27'),(489,0,'ロウワー','ろうわー','25時、ナイトコードで。','プロジェクトセカイ カラフルステージ！ feat. 初音ミク','ぬゆり','G','2021-11-09'),(490,0,'ローリンガール','ろーりんがーる','','','wowaka','V','2010-02-14'),(491,0,'ロキ','ろき','','','みきとP','V','2018-02-27'),(492,0,'炉心融解','ろしんゆうかい','','','iroha','V','2008-12-20'),(492,1,'炉心融解（Hard-R.K.mix）','ろしんゆうかい（Hard-R.K.mix）','','','iroha','V','2009-06-01'),(493,0,'ロスタイムメモリー','ろすたいむめもりー','','','じん','V','2013-03-30'),(494,0,'ロストワンの号哭','ろすとわんのごうこく','','','Neru','V','2013-03-04'),(495,0,'ロミオとシンデレラ','ろみおとしんでれら','','','doriko','V','2009-04-06'),(496,0,'輪舞-revolution','ろんど　れぼりゅーしょん','奥井雅美','少女革命ウテナop','','A','1997-05-21'),(497,0,'ワールズエンド・ダンスホール','わーるずえんど・だんすほーる','','','wowaka','V','2010-05-18'),(498,0,'ワールドイズマイン ','わーるどいずまいん ','','','ryo','V','2008-05-31'),(499,0,'惑星ループ','わくせいるーぷ','','','ナユタン星人','V','2016-10-26'),(500,0,'わたしのアール','わたしのあーる','','','くらげP','V','2015-08-31'),(501,0,'私は最強','わたしはさいきょう','Ado','ONE PIECE FILM RED劇中歌','','A','2022-06-22'),(502,0,'面影ワープ','おもかげわーぷ','nano.RIPE','花咲くいろはop','','A','2011-08-03'),(503,0,'君はいなせなガール','きみはいなせながーる','','','石風呂','V','2012-04-13'),(504,0,'トゥインクル','とぅいんくる','','','Junky','V','2011-07-14'),(505,0,'不思議なカルテ','ふしぎなかるて','','青春ブタ野郎はバニーガール先輩の夢を見ないed','','A','2018-10-03'),(506,0,'グロテスク','ぐろてすく','平井堅 安室奈美恵','','','P','2014-04-02'),(507,0,'ロメオ','ろめお','LIP×LIP','好きになるその瞬間を。〜告白実行委員会〜 ins','','A','2017-02-22'),(508,0,'おおかみは赤ずきんに恋をした','おおかみはあかずきんにこいをした','','','ひとしずくP×やま△','V','2012-08-04'),(509,0,'チューリングラブ','ちゅーりんぐらぶ','','理系が恋に落ちたので証明してみた(s1)ed','','P','2020-02-05'),(510,0,'嗚呼、素晴らしきニャン生','ああ、すばらしきにゃんせい','','','Nem','V','2011-07-11'),(511,0,'しんでしまうとはなさけない！','しんでしまうとはなさけない！','','','じーざすP','V','2013-03-14'),(512,0,'おこちゃま戦争','おこちゃませんそう','','','ギガP','V','2013-11-29'),(513,0,'デビルじゃないもん','でびるじゃないもん','','','DECO*27xピノキオピー','V','2023-01-13'),(515,0,'とびら開けて','とびらあけて','神田沙也加,津田英佑','アナと雪の女王','','A','2014-03-19'),(516,0,'Palette','ぱれっと','','','ゆよゆっぺ','V','2009-04-23'),(517,0,'QUEEN','くいーん','','','Kanaria','V','2022-08-06'),(518,0,'あいしていたのに','あいしていたのに','','','MARETU','V','2023-07-28'),(519,0,'Delphinium','でるふぃにうむ','','','キヲク','V','2023-03-22'),(520,0,'カントリー・ロード','かんとりー・ろーど','本名陽子','耳をすませばins','','A','1995-06-25'),(521,0,'あぁあぁあぁああぁあぁああぁ','あぁあぁあぁああぁあぁああぁ','','','梨本P','V','2009-04-22'),(522,0,'くたばれPTA','くたばれぴーてぃーえー','','','梨本P','V','2010-05-26'),(523,0,'わるつ・再録版','わるつ・さいろくばん','','','梨本P','V','2010-11-12'),(524,0,'夜行性ニワトリ行進曲','やこうせいにわとりこうしんきょく','','','梨本P','V','2010-08-06'),(525,0,'クリスマスなんかいらない','くりすますなんかいらない','','','梨本P','V','2010-12-15'),(526,0,'どこかで他人が死んでいる','どこかでたにんがしんでいる','','','梨本P','V','2010-01-13'),(527,0,'Love∞Destiny','らぶですてぃにー','Masque:Rade','','','I','2016-06-30'),(528,0,'ひろがるスカイ！プリキュア 〜Hero Girls～','ひろがるすかいぷりきゅあひーろーがーるず','石井あみ','ひろがるスカイ!プリキュアop','','A','2023-03-22'),(529,0,'青のすみか','あおのすみか','キタニタツヤ','呪術廻戦 懐玉・玉折op','','A','2023-07-19'),(530,0,'SPECIALZ','すぺしゃるず','King Gnu','呪術廻戦 渋谷事変op','','A','2023-09-06'),(531,0,'唱','しょう','Ado','','','P','2023-09-06'),(532,0,'ゴーストダイブ','ごーすとだいぶ','ポルカドットスティングレイ','Pokémon Music Collective','','G','2023-09-20'),(533,0,'獣ゆく細道','けものゆくほそみち','椎名林檎・宮本浩次','','','P','2018-10-02'),(534,0,'暗黒天国','あんこくてんごく','ALI PROJECT','かみちゃまかりんop','','A','2007-05-23'),(535,0,'名前を呼ぶよ ','なまえをよぶよ','SUPER BEAVER','','','R','2021-07-07'),(536,0,'人マニア','ひとまにあ','','','原口沙輔','V','2023-08-06'),(537,0,'Crow Song','くろうそんぐ','Girls Dead Monster','Angel Beats! ins','','A','2010-04-23'),(538,0,'Connecting','こねくてぃんぐ','','','halyosy','V','2014-12-05'),(539,0,'アルストロメリア','あるすとろめりあ','アルストロメリア','アイドルマスター シャイニーカラーズ','','I','2018-04-24'),(540,0,'色彩','しきさい','坂本真綾','Fate/Grand Order','','A','2015-01-28'),(541,0,'勇者','ゆうしゃ','YOASOBI','葬送のフリーレン op','','A','2023-09-29'),(542,0,'粛聖!! ロリ神レクイエム☆','しゅくせいろりがみれくいえむ','しぐれうい','','','o','2022-05-25'),(543,0,'chAngE','ちぇんじ','miwa','BLEACHop','','A','2010-09-01'),(544,0,'シルエット','しるえっと','KANA-BOON','NARUTO-ナルト- 疾風伝op','','A','2014-11-26'),(545,0,'完全感覚Dreamer','かんぜんかんかくどりーまー','ONE OK ROCK','','','R','2010-02-03'),(546,0,'かくれんぼ','かくれんぼ','AliA','','','R','2019-02-20'),(547,0,'ます。','ます','RADWIMPS','','','R','2006-12-06'),(548,0,'ひたむき','ひたむき','SUPER BEAVER','','','R','2022-11-30'),(549,0,'心と体','こころとからだ','植田真梨恵','','','R','2013-08-07'),(550,0,'GHOST','ごーすと','La prière','','','P','2021-06-20'),(551,0,'黄昏を生きる','たそがれをいきる','','','傘村トータ','V','2023-03-26'),(552,0,'私は、私達は','わたしはわたしたちは','','プロジェクトセカイ カラフルステージ！ feat. 初音ミク','Guiano','V','2023-02-17'),(553,0,'うらめしヤッホー','うらめしやっほー','和田たけあき','','くらげP','V','2019-08-04'),(554,0,'ひゅ〜どろどろ','ひゅーどろどろ','','','栗山夕璃','V','2024-02-09'),(555,0,'お呪い','おまじない','','','なきそ','V','2023-02-06'),(556,0,'俺ゴーストタイプ ','おれごーすとたいぷ','','','syudou','V','2024-01-27'),(557,0,'OK!','おーけー','松本梨香','ポケットモンスターop','','A','2000-02-02'),(558,0,'花になって','はなになって','緑黄色社会','薬屋のひとりごとop','','A','2023-10-29'),(559,0,'境界の彼方','きょうかいのかなた','茅原実里','境界の彼方op','','A','2013-10-30'),(560,0,'君のままで','きみのままで','azusa','アマガミSS op','','A','2010-10-20'),(561,0,'バグ','ばぐ','','','かいりきベア','V','2022-06-25'),(562,0,'有心論','ゆうしんろん','RADWIMPS','','','R','2006-07-26'),(563,0,'恋','こい','奥華子','','','P','2007-03-21'),(564,0,'心拍数♯0822','しんぱくすう　ぜろはちにーにー','','','蝶々P','V','2010-08-22'),(565,0,'混沌ブギ','こんとんぶぎ','','','Jon-YAKITORY','V','2023-08-30'),(566,0,'鬼の宴','おにのうたげ','友成空','','','P','2024-01-11'),(567,0,'YUME日和','ゆめびより','島谷ひとみ','ドラえもんTVed/のび太のワンニャン時空伝th','','A','2003-11-06'),(568,0,'晴る','はる','ヨルシカ','葬送のフリーレンop','','A','2024-01-05'),(569,0,'Daydream Syndrome','でいどりーむしんどろーむ','藤原鞠菜','夢喰いメリー op','','A','2011-01-26'),(570,0,'Sweet Bitter Beauty Song','すいーとびたーびゅーてぃーそんぐ','桜高軽音部','けいおん!cs','','A','2009-04-22'),(571,0,'迷宮バタフライ','めいきゅうばたふらい','ほしな歌唄（水樹奈々）','しゅごキャラ！ins','','A','2007-12-19'),(572,0,'BLACK DIAMOND','ぶらっくだいやもんど','ブラックダイヤモンズ','しゅごキャラ！ins','','A','2008-08-06'),(573,0,'Kiss!Kiss!Kiss!','きすきすきす','Buono!','しゅごキャラ！ed','','A','2008-05-14'),(574,0,'マリオネット37℃','まりおねっとさんじゅうななど','アンジュルム','','','P','2015-11-25'),(575,0,'或る庭師の物語','あるにわしのものがたり','','LILIUM-リリウム 少女純潔歌劇-','','P','2014-08-06'),(576,0,'少女純潔','しょうじょじゅんけつ','','LILIUM-リリウム 少女純潔歌劇-','','P','2014-08-06'),(577,0,'砂時計','すなどけい','','','DECO*27','V','2008-12-19'),(578,0,'かえして！ニーソックス','かえしてにーそっくす','','らき☆すたc/w','','A','2007-05-23'),(579,0,'ハートの確率','はーとのかくりつ','blue drops','そらのおとしものf op','','A','2010-11-10'),(580,0,'楽園PROJECT','らくえんぷろじぇくと','Ray','To LOVEる -とらぶる- ダークネス op','','A','2012-10-24'),(581,0,'ファールプレーにくらり','ふぁーるぷれーにくらり','分島花音 ','To LOVEる -とらぶる- ダークネス ed','','A','2012-11-07'),(582,0,'killy killy JOKER','きりーきりーじょーかー','分島花音','selector infected WIXOSS op','','A','2014-04-30'),(583,0,'スキ?キライ!?スキ!!! ','すき?きらい!?すき!!!','ルイズ','ゼロの使い魔〜双月の騎士〜ed','','A','2007-08-08'),(584,0,'秘密ドールズ','ひみつどーるず','中原麻衣&清水愛','ストロベリー・パニックed','','A','2006-05-24'),(585,0,'追想のラグナロク','ついそうのらぐなろく','藍月なくる & 棗いつき','','','P','2023-10-17'),(586,0,'why, or why not','ぼわいおあほわいのっと','片霧烈火','ひぐらしのなく頃にed','','A','2006-06-28'),(587,0,'らしさ','らしさ','SUPER BEAVER','ばらかもんop','','A','2014-09-24'),(588,0,'わかんないのはいやだ','わかんないのはいやだ','植田真梨恵','','','P','2015-08-22'),(589,0,'Bloomin\'','ぶるーみん','植田真梨恵','','','P','2019-04-17'),(590,0,'ホワイトリリー','ほわいとりりー','','','ケイエヌ','V','2016-10-28'),(591,0,'あなたの夜が明けるまで','あなたのよるがあけるまで','','','傘村トータ','V','2019-01-27'),(592,0,'さよならのかわりに、花束を','さよならのかわりにはなたばを','','','花束P','V','2008-07-27'),(593,0,'M@GIC☆','まじっく','(CINDERELLA PROJECT)','','','I','2015-11-25'),(594,0,'Kawaii make MY day!','かわいいめいくまいでい','メロウ・イエロー','','','I','2017-07-20'),(595,0,'赤い世界が消える頃','あかいせかいがきえるころ','','','','I','2016-11-09'),(596,0,'アイル','あいる','伊吹翼','','','I','2016-01-12'),(597,0,'Bling-Bang-Bang-Born','ぶりんばんばんぼーん','Creepy Nuts','マッシュル-MASHLE-op','','A','2024-01-07'),(598,0,'嘘','うそ','シド','鋼の錬金術師 FULLMETAL ALCHEMIST ed','','A','2009-04-29'),(599,0,'be your girl','びーゆあがーる','河辺千恵子','エルフェンリートed','','A','2004-04-28'),(600,0,'Thousand Enemies','さうざんどえねみーず','Girls Dead Monster','Angel Beats! ins','','A','2010-05-12'),(601,0,'Re:Call','りこーる','i☆Ris','双星の陰陽師op','','A','2016-08-03'),(602,0,'クリア','くりあ','植田真梨恵 ','','','P','2015-08-12'),(603,0,'スペクタクル','すぺくたくる','植田真梨恵 ','','','P','2016-01-20'),(604,0,'I beg you','あいべぐゆー','Aimer','Fate/stay night [Heaven\'s Feel] th','','A','2019-01-09'),(605,0,'ずうっといっしょ！','ずうっといっしょ！','キタニタツヤ','','','P','2024-05-14'),(606,0,'愛して愛して愛して','あいしてあいしてあいして','','','きくお','V','2015-03-01'),(607,0,'Fire◎Flower','ふぁいやーふらわー','','','halyosy','V','2008-08-03'),(608,0,'ホシアイ','ほしあい','','','レフティーモンスターP','V','2012-06-22'),(609,0,'夏祭り','なつまつり','Whiteberry','','','P','2008-08-09'),(610,0,'オーバーライド','おーばーらいど','','','吉田夜世','V','2023-11-29'),(611,0,'Together','とぅぎゃざー','あきよしふみえ','ポケットモンスター ダイヤモンド&パール','','A','2006-11-29'),(612,0,'星座になれたら','せいざになれたら','結束バンド','ぼっち・ざ・ろっく! 劇中曲','','A','2022-12-28'),(613,0,'夜空にふたつ','よぞらにふたつ','','','電ポルP','V','2011-04-20'),(614,0,'明日も','あしたも','SHISHAMO','','','P','2017-02-22'),(615,0,'彼に守ってほしい10のこと','かれにまもってほしい10のこと','植田真梨恵','','','P','2014-08-06'),(616,0,'ふれたら消えてしまう','ふれたらきえてしまう','植田真梨恵','','','P','2016-07-06'),(617,0,'カルカテレパシー','かるかてれぱしー','植田真梨恵','','','P','2015-02-25'),(618,0,'FAR','ふぁー','植田真梨恵','','','P','2019-01-16'),(619,0,'ハイリゲンシュタットの遺書','はいりげんしゅたっとのいしょ','植田真梨恵','','','P','2014-11-19'),(620,0,'ザクロの実','ざくろのみ','植田真梨恵','','','P','2014-11-19'),(621,0,'FRIDAY','ふらいでー','植田真梨恵','','','P','2015-02-25'),(622,0,'支配者','しはいしゃ','植田真梨恵','','','P','2015-02-25'),(623,0,'よるのさんぽ','よるのさんぽ','植田真梨恵','','','P','2012-04-18'),(624,0,'メリーゴーランド','めりーごーらんど','植田真梨恵','','','P','2012-04-18'),(625,0,'BABY BABY BABY','べいびーべいびーべいびー','植田真梨恵','','','P','2022-07-24'),(626,0,'変革の気、蜂蜜の夕陽','へんかくのき、はちみつのゆうひ','植田真梨恵','','','P','2012-04-18'),(627,0,'サファイア！','さふぁいあ！','植田真梨恵','','','P','2013-08-07'),(628,0,'美しい鰭','うつくしいひれ','スピッツ','名探偵コナン 黒鉄の魚影 th','','A','2023-04-12'),(629,0,'モエチャッカファイア','もえちゃっかふぁいや','弌誠','ゼンレスゾーンゼロCS','','G','2024-07-19'),(630,0,'Poison','ぽいずん','','Hazbin Hotel','','A','2024-01-04'),(631,0,'壊して','こわして','植田真梨恵','','','P','2012-04-18'),(632,0,'heartbreaker','はーとぶれいかー','植田真梨恵','','','P','2020-08-26'),(633,0,'Dancing stars on me!','だんしんぐすたーずおんみー','μ\'s','ラブライブ！ (s2)ins','','A','2014-06-11'),(634,0,'パンプキン・シンドローム','ぱんぷきん・しんどろーむ','','','PolyphonicBranch','V','2011-10-28'),(635,0,'自由への扉','じゆうのとびら','小此木麻里','塔の上のラプンツェル','','A','2011-03-18'),(636,0,'夕景イエスタデイ','ユウケイイエスタデイ','','','じん','V','2013-08-04'),(637,0,'愛 think so,','あいしんくそー','','','DECO*27','V','2009-10-25'),(638,0,'ハッピーエンドグレーテル','はっぴーえんどぐれーてる','','','KulfiQ','V','2011-07-03'),(639,0,'​​熱異常','ねついじょう','','','いよわ','V','2022-10-08'),(640,0,'ドミノ倒シ','どみのたおし','','','すこっぷ','V','2011-01-14'),(641,0,'化けの花','ばけのはな','','','なきそ','V','2024-10-20'),(642,0,'セツナトリップ','せつなとりっぷ','','','Last Note.','V','2012-05-03'),(643,0,'秘蜜〜黒の誓い〜','ひみつくろのちかい','','','ひとしずくP','V','2010-04-05'),(644,0,'U','ゆー','millennium parade × Belle','','','P','2021-07-12'),(645,0,'魔女','まじょ','花譜','','','P','2018-12-21'),(645,1,'魔女（真）','まじょ　とぅるー','V.W.P','','','P','2023-05-24'),(646,0,'ライラック','らいらっく','Mrs. GREEN APPLE','忘却バッテリーop','','A','2024-04-12'),(647,0,'貴方の恋人になりたいのです','あなたのこいびとになりたいのです','阿部真央','','','P','2009-08-05'),(648,0,'ファタール','ふぁたーる','GEMN','【推しの子】s2 op','','A','2024-07-04'),(649,0,'つきうさぎ','つきうさぎ','','','OSTER project','V','2008-06-20'),(650,0,'ロマンスの神様','ろまんすのかみさま','広瀬香美','','','P','1993-12-01'),(651,0,'雪だるまつくろう','ゆきだるまつくろう','','アナと雪の女王','','A','2014-03-12'),(652,0,'Let It Go〜ありのままで〜','れっといっとごーありのままで','松たか子','アナと雪の女王','','A','2014-03-12'),(653,0,'WISH','ういっしゅ','嵐','','','P','2005-11-16'),(654,0,'白い雪のプリンセスは','しろいゆきのぷりんせすは','','','のぼる↑','V','2010-02-22'),(655,0,'深海の街','しんかいのまち','cosMo×真優','','','P','2009-03-25'),(656,0,'Dear The Night I Loved','でぃあーざないとあいらぶど','藍月なくる','','','P','2024-10-20'),(657,0,'純情サクリファイス','じゅんじょうさくりふぁいす','棗いつき','','','P','2023-01-14'),(658,0,'Evil Bubble','いーびるばぶる','藍月なくる','','','P','2021-01-16'),(659,0,'地獄でなぜ悪い','じごくでなぜわるい','星野源','','','P','2013-10-02'),(660,0,'適度なカンケイ','てきどなかんけい','','','のぼる↑','V','2019-08-08'),(661,0,'オトノケ','おとのけ','Creepy Nuts','ダンダダンop','','A','2024-10-04'),(662,0,'One Love','わんらぶ','嵐','','','P','2008-06-25'),(663,0,'心臓デモクラシー','しんぞうでもくらしー','','','みきとP','V','2012-01-23'),(664,0,'テトリス','てとりす','','','柊マグネタイト','V','2024-11-08'),(665,0,'心に穴が空いた','こころにあながあいた','ヨルシカ','','','P','2019-06-24'),(666,0,'さよならのかわりに記憶を消した','さよならのかわりにきおくをけした','植田真梨恵','','','P','2015-02-25'),(667,0,'ビノミ','びのみ','','','MARETU','V','2024-03-23'),(668,0,'クリームソーダとシャンデリア','くりーむそーだとしゃんでりあ','mei×Henrii, ねんね','','','P','2020-05-30'),(669,0,'カッコ悪い I love you!','かっこわるいあいらぶゆー','フレンチ・キス','SKET DANCE op','','A','2011-05-11'),(670,0,'ビビデバ','びびでば','星街すいせい','','','P','2024-03-22'),(671,0,'ツキヨミ','つきよみ','phatmans after school','夜桜四重奏 〜ハナノウタ〜ed','','A','2013-12-04'),(672,0,'狂乱戦記〜日常ノ神サマ〜','きょうらんせんきにちじょうのかみさま','乱崎凶華','狂乱家族日記 ed','','A','2008-05-14'),(673,0,'アイラヴユー','あいらぶゆー','SUPER BEAVER','','','P','2021-02-03'),(674,0,'仮装狂騒曲','かそうきょうそうきょく','初星学園','','','G','2024-10-01'),(675,0,'Zenesis','ぜねしす','風街ピリカ, 終末世界リレー出演者','','','o','2025-02-02'),(676,0,'夜咄ディセイブ','よばなしでぃせいぶ','じん','カゲロウプロジェクト','','V','2013-03-26'),(677,0,'車輪の唄','しゃりんのうた','BUMP OF CHICKEN','','','P','2004-12-01'),(678,0,'桜前線異常ナシ','さくらぜんせんいじょうなし','','','ワタルP','V','2010-04-23'),(679,0,'Little Braver','リトル ブレーバー','Girls Dead Monster','Angel Beats!','','A','2010-06-30'),(680,0,'ソワレ','そわれ','星街すいせい','','ナナホシ管弦楽団','o','2022-12-19'),(681,0,'君が飛び降りるのなら','きみがとびおりるのなら','','','Omoi','V','2017-12-07'),(681,1,'君が飛び降りるのならば','きみがとびおりるのならば','','','Omoi','V','2020-11-06'),(682,0,'君という神話','きみというしんわ','やなぎなぎ','神様になった日op','','A','2020-10-28'),(683,0,'夏色えがおで1,2,Jump!','なついろえがおでわんつーじゃんぷ','μ\'s','ラブライブ!','','A','2011-08-24'),(684,0,'オントロジー','おんとろじー','Rain Drops','','じん','P','2020-11-25'),(685,0,'Fallen down','ふぉーりんだうん','イカロス（早見沙織）','そらのおとしものcs','','A','2010-03-10'),(686,0,'GOLDEN TRANCER','ゴールデントランサー','金色の闇(福圓美里)','To LOVEる -とらぶる-cs','','A','2008-08-22'),(687,0,'笑顔・はっぴぃ・ピース♪ ','えがおはっぴぃぴーす','竜宮レナ(中原麻衣)','ひぐらしのなく頃にcs','','G','2007-03-28'),(688,0,'SM判定フォーラム','えすえむはんていふぉーらむ','青鬼院蜻蛉(杉田智和)','妖狐×僕SS ed','','A','2012-07-25'),(689,0,'楽園のPhotograph','らくえんのふぉとぐらふ','御狐神双熾(中村悠一)','妖狐×僕SS ed','','A','2012-03-21'),(690,0,'太陽と月','たいようとつき','反ノ塚連勝(細谷佳正)・雪小路野ばら(日笠陽子)','妖狐×僕SS ed','','A','2012-05-23'),(691,0,'君は','きみは','白鬼院凜々蝶(日高里菜)','妖狐×僕SS ed','','A','2012-03-21'),(692,0,'キミとセミブルー','きみとせみぶるー','','学園アイドルマスター','','G','2024-07-02'),(693,0,'準透明少年','じゅんとうめいしょうねん','ヨルシカ','','','P','2018-05-09'),(694,0,'ストーカーの唄～3丁目､貴方の家～','すとーかーのうたさんちょうめあなたのいえ','阿部真央','','','P','2011-06-01'),(695,0,'じゃあ、何故','じゃあなぜ','阿部真央','','','P','2011-06-01'),(696,0,'I wanna see you','あいわなしーゆー','阿部真央','','','P','2009-05-27'),(697,0,'主人公','しゅじんこう','SUPER BEAVER','','','P','2025-07-02'),(698,0,'イケナイ太陽','いけないたいよう','ORANGE RANGE','','','P','2007-07-18'),(699,0,'rainbow forecast','れいんぼうふぉーきゃすと','中川翔子','','','P','2009-10-14'),(700,0,'Flyby Anomaly','ふらいばいあのまりー','La prière','','','P','2021-04-17'),(701,0,'花の塔','はなのとう','さユり','リコリス・リコイルed','','A','2022-07-03'),(702,0,'快晴','かいせい','','','Orangestar','V','2017-08-31'),(703,0,'Happy Halloween','はっぴーはろうぃん','','','Junky','V','2014-10-10'),(704,0,'MONSTER','もんすたー','','','KIRA','V','2017-09-25'),(705,0,'Be My Guest','びーまいげすと','','','Azari','V','2022-12-08'),(706,0,'Invisible Party','いんびじぶるぱーてぃ','空想魔女集会','','','o','2025-07-05'),(707,0,'アメイジングハッピーハロウィンナイト','あめいじんぐはっぴーはろうぃんないと','','','syudou','V','2024-09-27'),(708,0,'Who?','ふー?','','','Azari','V','2022-08-10'),(709,0,'おやすみ泣き声、さよなら歌姫','おやすみなきごえさよならうたひめ','クリープハイプ','','','P','2012-10-03'),(710,0,'ニア','にあ','夏代孝明','','夏代孝明','P','2017-05-17'),(711,0,'trick and treat','とりっくあんどとりーと','','','OSTER project','V','2008-10-30'),(712,0,'愛包ダンスホール','あいぱいだんすほーる','HIMEHINA','','','P','2023-12-15'),(713,0,'劣等上等','れっとうじょうとう','','','Giga','V','2018-07-13'),(714,0,'モニタリング','もにたりんぐ','','','DECO*27','V','2024-11-22'),(714,1,'モニタリング (Best Friend Remix)','もにたりんぐ（べすとふれんどりみっくす）','','','DECO*27','V','2025-09-05');
/*!40000 ALTER TABLE `tbsong` ENABLE KEYS */;
UNLOCK TABLES;

--
-- Table structure for table `tbvocal`
--

DROP TABLE IF EXISTS `tbvocal`;
/*!40101 SET @saved_cs_client     = @@character_set_client */;
/*!40101 SET character_set_client = utf8 */;
CREATE TABLE `tbvocal` (
  `evwcode` varchar(3) NOT NULL,
  `seqnum` int(11) NOT NULL,
  `songid` int(11) DEFAULT NULL,
  `arrng` int(11) DEFAULT NULL,
  `time` varchar(8) DEFAULT NULL,
  `memo` varchar(255) DEFAULT NULL,
  PRIMARY KEY (`evwcode`,`seqnum`)
) ENGINE=InnoDB DEFAULT CHARSET=utf8mb4 COLLATE=utf8mb4_bin;
/*!40101 SET character_set_client = @saved_cs_client */;

--
-- Dumping data for table `tbvocal`
--

LOCK TABLES `tbvocal` WRITE;
/*!40000 ALTER TABLE `tbvocal` DISABLE KEYS */;
INSERT INTO `tbvocal` VALUES ('1',1,320,0,'6:43',''),('1',2,499,0,'10:02',''),('10',1,263,0,'0:02:00',''),('10',2,416,0,'0:08:29',''),('10',3,44,0,'0:14:19',''),('10',4,460,0,'0:19:30',''),('10',5,65,0,'0:27:33',''),('10',6,429,0,'0:33:38',''),('10',7,443,0,'0:36:56',''),('10',8,314,0,'0:41:47',''),('10',9,36,0,'0:47:30',''),('10',10,495,0,'0:57:49',''),('10',11,500,0,'1:03:14',''),('11',1,60,0,'0:01:31',''),('11',2,145,0,'0:08:35',''),('11',3,274,0,'0:15:21',''),('11',4,491,0,'0:20:32',''),('11',5,400,0,'0:34:16',''),('11',6,384,0,'0:38:04',''),('11',7,192,0,'0:45:18',''),('11',8,316,0,'0:50:55',''),('11',9,264,0,'0:56:50',''),('11',10,304,0,'1:03:01',''),('11',11,88,0,'1:17:25',''),('11',12,251,0,'1:23:18',''),('11',13,306,0,'1:29:08',''),('11',14,241,0,'1:34:33',''),('11',15,321,0,'1:40:12',''),('11',16,158,0,'1:47:43',''),('11',17,410,0,'1:53:19',''),('11',18,482,0,'1:59:22',''),('11',19,473,0,'2:03:48',''),('11',20,236,0,'2:08:26',''),('11',21,156,0,'2:26:52',''),('11',22,179,0,'2:30:50',''),('11',23,458,0,'2:35:59',''),('11',24,459,0,'2:42:25',''),('11',25,472,0,'2:47:06',''),('11',26,361,0,'2:53:09',''),('11',27,292,0,'3:01:08',''),('11',28,332,0,'3:06:09',''),('11',29,457,0,'3:10:53',''),('11',30,118,0,'3:16:36',''),('11',31,43,0,'3:45:50',''),('11',32,260,0,'3:51:55',''),('11',33,424,0,'3:56:55',''),('11',34,498,0,'4:02:20',''),('11',35,445,0,'4:08:12',''),('11',36,286,0,'4:15:08',''),('11',37,242,0,'4:23:41',''),('11',38,301,0,'4:40:11',''),('11',39,200,0,'4:43:35',''),('11',40,164,0,'4:48:22',''),('11',41,362,0,'4:52:03',''),('11',42,24,0,'4:59:39',''),('11',43,70,0,'5:04:41',''),('11',44,76,0,'5:10:14',''),('11',45,478,0,'5:18:45',''),('11',46,215,0,'5:25:20',''),('11',47,422,0,'5:31:09',''),('11',48,312,0,'5:32:51',''),('11',49,313,0,'5:37:30',''),('11',50,378,0,'5:41:52',''),('11',51,392,0,'5:48:09','少し'),('11',52,121,0,'5:49:04',''),('11',53,151,0,'5:54:15',''),('11',54,27,0,'6:00:11',''),('11',55,483,0,'6:05:09',''),('11',56,163,0,'6:12:19',''),('11',57,416,0,'6:17:36',''),('11',58,411,0,'6:24:03',''),('11',59,402,0,'6:28:53',''),('11',60,471,0,'6:35:40',''),('11',61,48,0,'6:42:25',''),('11',62,276,0,'6:47:03',''),('11',63,22,0,'6:54:30',''),('11',64,216,0,'6:59:53',''),('12',1,108,0,'01:27',''),('12',2,387,0,'08:47',''),('12',3,390,0,'12:23',''),('12',4,256,0,'19:04',''),('12',5,260,0,'25:22',''),('12',6,213,0,'32:47',''),('12',7,262,0,'39:48',''),('12',8,161,0,'47:22',''),('12',9,293,0,'53:26',''),('12',10,41,0,'1:01:02',''),('12',11,401,0,'1:06:12',''),('12',12,344,0,'1:10:32',''),('13',1,456,0,'04:07',''),('13',2,240,0,'09:53',''),('13',3,494,0,'15:45',''),('13',4,191,0,'22:39',''),('13',5,229,0,'27:37',''),('13',6,225,0,'36:13',''),('13',7,57,0,'40:54',''),('13',8,495,0,'47:48',''),('13',9,170,0,'53:36',''),('13',10,331,0,'58:42',''),('13',11,255,0,'1:04:03',''),('13',12,385,0,'1:09:07',''),('13',13,64,0,'1:17:10',''),('13',14,147,0,'1:25:32',''),('14',1,98,0,'9:18',''),('14',2,306,0,'13:44',''),('14',3,164,0,'18:02',''),('14',4,321,0,'22:27',''),('14',5,416,0,'26:18',''),('14',6,286,0,'30:35',''),('14',7,236,0,'35:33',''),('14',8,439,0,'39:02',''),('14',9,344,0,'42:28',''),('14',10,471,0,'47:10',''),('14',11,60,0,'51:46',''),('14',12,105,0,'54:03',''),('14',13,395,0,'57:50',''),('14',14,122,0,'1:02:42',''),('14',15,216,0,'1:07:32',''),('14',16,313,0,'1:13:23',''),('14',17,127,0,'1:16:51',''),('14',18,118,0,'1:21:47',''),('14',19,499,0,'1:27:28',''),('14',20,320,0,'1:33:22',''),('15',1,157,0,'02:04',''),('15',2,418,0,'06:16',''),('15',3,171,0,'10:40',''),('15',4,223,0,'13:18',''),('15',5,186,0,'19:21',''),('15',6,133,0,'25:24',''),('15',7,309,0,'30:08',''),('15',8,126,0,'34:54',''),('15',9,299,0,'40:11',''),('15',10,152,0,'46:50',''),('15',11,406,0,'53:34',''),('15',12,32,0,'58:31',''),('15',13,153,0,'1:03:36',''),('15',14,466,0,'1:08:40',''),('15',15,222,0,'1:18:35',''),('15',16,500,0,'1:22:28',''),('15',17,68,0,'1:27:25',''),('15',18,239,0,'1:33:00',''),('15',19,131,0,'1:38:55',''),('15',20,78,0,'1:44:36',''),('15',21,93,0,'1:50:06',''),('15',22,100,0,'1:56:57',''),('15',23,460,0,'2:04:09',''),('15',24,436,0,'2:09:17',''),('15',25,440,0,'2:13:56',''),('15',26,243,0,'2:18:39',''),('15',27,185,0,'2:24:49',''),('15',28,285,0,'2:30:33',''),('15',29,297,0,'2:34:25',''),('15',30,375,0,'2:41:15',''),('15',31,308,0,'2:46:33',''),('15',32,258,0,'2:53:03',''),('15',33,311,0,'2:57:53',''),('16',1,351,0,'02:36',''),('16',2,290,0,'07:50',''),('16',3,119,0,'12:27',''),('16',4,203,0,'18:02',''),('16',5,327,0,'21:54',''),('16',6,465,0,'27:23',''),('16',7,234,0,'31:57',''),('16',8,146,0,'36:28',''),('16',9,173,0,'42:09',''),('16',10,300,0,'43:03',''),('16',11,459,1,'54:18',''),('16',12,284,1,'58:28',''),('16',13,140,1,'1:04:55',''),('16',14,82,0,'1:12:15',''),('16',15,106,0,'1:16:14',''),('16',16,61,0,'1:24:53',''),('16',17,261,0,'1:28:19',''),('16',18,87,0,'1:31:50',''),('16',19,408,0,'1:34:51',''),('16',20,208,0,'1:38:00',''),('16',21,85,0,'1:42:38',''),('16',22,179,0,'1:52:24',''),('16',23,124,0,'1:57:50',''),('16',24,420,0,'2:02:36',''),('16',25,493,0,'2:09:26',''),('16',26,399,0,'2:14:39',''),('16',27,233,0,'2:21:54',''),('16',28,338,0,'2:27:50',''),('16',29,122,0,'2:37:25',''),('16',30,293,0,'2:44:16',''),('17',1,204,0,'02:20',''),('17',2,184,0,'08:01',''),('17',3,199,0,'14:47',''),('17',4,500,0,'22:41','Piano Ver.'),('17',5,412,0,'28:55',''),('17',6,62,0,'34:51',''),('17',7,404,0,'41:52',''),('17',8,5,0,'47:53',''),('17',9,467,0,'56:05','Piano Ver.'),('17',10,17,0,'1:02:25','Piano Ver.'),('17',11,263,0,'1:08:04','Piano Ver.'),('17',12,125,0,'1:13:09','Piano Ver.'),('17',13,57,0,'1:20:45','Piano Ver.'),('17',14,309,0,'1:28:25',''),('17',15,137,0,'1:35:14','Piano Ver.'),('17',16,96,0,'1:41:55',''),('17',17,376,0,'1:47:27',''),('17',18,481,0,'2:01:01',''),('18',1,140,0,'00:38',''),('18',2,410,0,'02:06',''),('18',3,144,0,'03:11',''),('18',4,142,0,'04:51',''),('18',5,439,0,'07:36',''),('18',6,28,0,'10:21',''),('18',7,356,0,'14:48',''),('18',8,317,0,'20:30',''),('18',9,159,0,'24:39',''),('19',1,190,0,'03:11',''),('19',2,442,0,'08:50',''),('19',3,199,0,'12:43',''),('19',4,365,0,'19:37',''),('19',5,183,0,'25:23',''),('19',6,409,0,'35:07',''),('19',7,185,0,'41:56',''),('19',8,310,0,'47:19',''),('19',9,296,0,'51:28',''),('19',10,104,0,'57:38',''),('19',11,291,0,'1:02:19',''),('19',12,419,0,'1:07:40',''),('19',13,286,0,'1:14:18',''),('19',14,73,0,'1:22:36',''),('19',15,333,0,'1:28:52',''),('19',16,208,0,'1:33:14',''),('19',17,239,0,'1:38:45',''),('2',1,306,0,'1:02',''),('2',2,101,0,'10:35',''),('2',3,481,0,'18:01','ちょっとだけ'),('2',4,336,0,'18:51',''),('2',5,349,0,'24:37',''),('2',6,407,0,'30:08',''),('2',7,353,0,'35:50',''),('2',8,274,0,'42:15',''),('2',9,439,0,'47:58',''),('2',10,426,0,'54:27',''),('2',11,312,0,'1:00:05',''),('2',12,416,0,'1:05:07','ちょっとだけ'),('2',13,151,0,'1:07:44',''),('2',14,31,0,'1:13:13',''),('2',15,359,0,'1:18:59',''),('2',16,198,0,'1:26:15',''),('2',17,83,0,'1:29:01',''),('2',18,444,0,'1:34:02',''),('2',19,113,0,'1:40:10',''),('2',20,189,0,'1:46:08',''),('2',21,397,0,'1:50:18',''),('2',22,145,0,'1:57:32',''),('2',23,276,0,'2:04:51',''),('20',1,168,0,'2:37','低音'),('20',2,168,0,'5:43','高音'),('20',3,442,0,'10:07',''),('20',4,199,0,'13:36',''),('20',5,418,0,'18:55',''),('20',6,156,0,'23:56',''),('20',7,172,0,'28:50',''),('20',8,60,0,'31:12',''),('20',9,308,0,'34:22',''),('20',10,285,0,'39:39',''),('20',11,236,0,'44:20',''),('20',12,361,0,'50:02',''),('20',13,169,0,'54:13',''),('20',14,372,0,'1:00:24',''),('20',15,240,0,'1:06:39',''),('20',16,492,0,'1:10:49',''),('20',17,31,0,'1:17:35',''),('20',18,234,0,'1:22:34',''),('20',19,324,0,'1:30:30',''),('20',20,225,0,'1:36:30',''),('20',21,201,0,'1:41:13',''),('20',22,40,0,'1:45:52',''),('20',23,277,0,'1:51:07',''),('20',24,274,0,'1:55:49',''),('21',1,100,0,'37:47',''),('21',2,397,0,'42:29',''),('21',3,181,0,'2:30:08',''),('21',4,86,0,'2:37:53','アカペラ サビ部'),('21',5,42,0,'2:40:59',''),('22',1,74,0,'01:14',''),('22',2,341,0,'07:36',''),('22',3,249,0,'12:30',''),('22',4,367,0,'17:33',''),('22',5,364,0,'23:56',''),('22',6,253,0,'28:54',''),('22',7,1,0,'34:57',''),('22',8,437,0,'41:51',''),('22',9,7,0,'47:26',''),('22',10,56,0,'52:47',''),('22',11,496,0,'58:41',''),('22',12,110,0,'1:09:38',''),('22',13,118,0,'1:19:21',''),('23',1,305,0,'1:37:36',''),('23',2,454,0,'1:43:20',''),('23',3,308,0,'1:48:35',''),('24',1,12,0,'4:34',''),('24',2,224,0,'11:47',''),('24',3,27,0,'19:22',''),('24',4,365,0,'26:54',''),('24',5,88,0,'34:51',''),('24',6,232,0,'45:50',''),('24',7,362,0,'50:15',''),('24',8,113,0,'57:38',''),('24',9,127,0,'1:03:13',''),('24',10,149,0,'1:08:20',''),('24',11,242,0,'1:15:15',''),('24',12,212,0,'1:22:03',''),('24',13,436,0,'1:26:57',''),('24',14,384,0,'1:34:24',''),('24',15,391,0,'1:42:24',''),('24',16,180,0,'1:47:14',''),('24',17,359,0,'1:52:53',''),('24',18,158,0,'2:03:52',''),('24',19,378,0,'2:12:26',''),('24',20,7,0,'2:17:07',''),('24',21,10,0,'2:25:32',''),('24',22,356,0,'2:32:49',''),('24',23,216,0,'2:38:42',''),('25',1,156,0,'3:38',''),('25',2,136,0,'7:54',''),('25',3,457,0,'11:17',''),('25',4,472,0,'16:30',''),('25',5,363,0,'21:29',''),('25',6,179,0,'25:53',''),('25',7,480,0,'31:33',''),('25',8,144,0,'35:30',''),('25',9,458,0,'39:35',''),('25',10,449,0,'45:32',''),('25',11,459,2,'56:49',''),('25',12,236,0,'1:00:09',''),('25',13,410,0,'1:04:21',''),('25',14,473,0,'1:08:39',''),('25',15,482,0,'1:12:44',''),('25',16,141,0,'1:15:55',''),('25',17,142,0,'1:20:27',''),('25',18,292,0,'1:26:48',''),('25',19,178,0,'1:31:03',''),('25',20,361,1,'1:36:23',''),('25',21,175,0,'1:50:02',''),('26',1,187,0,'04:03',''),('26',2,183,0,'11:10',''),('26',3,284,0,'18:59',''),('26',4,251,0,'25:30',''),('26',5,395,0,'32:38',''),('26',6,220,0,'39:12',''),('26',7,262,0,'45:57',''),('26',8,157,0,'54:08',''),('26',9,343,0,'58:32',''),('26',10,36,0,'1:04:42',''),('27',1,209,0,'03:20',''),('27',2,431,0,'07:24',''),('27',3,384,0,'12:26',''),('27',4,298,0,'18:56',''),('27',5,228,0,'24:34',''),('27',6,171,0,'32:16',''),('27',7,219,0,'38:55',''),('27',8,165,0,'47:02',''),('27',9,357,0,'52:53',''),('27',10,185,0,'1:00:09',''),('27',11,79,0,'1:06:00',''),('27',12,376,0,'1:11:44',''),('27',13,479,0,'1:18:24',''),('27',14,199,0,'1:22:50',''),('27',15,168,0,'1:33:01',''),('27',16,439,0,'1:42:59',''),('27',17,72,0,'1:48:30',''),('28',1,501,0,'01:50',''),('28',2,447,0,'11:17',''),('28',3,59,0,'17:41',''),('28',4,177,0,'23:53',''),('28',5,405,0,'29:47',''),('28',6,104,0,'36:49',''),('28',7,286,0,'43:37',''),('28',8,403,0,'50:07',''),('28',9,112,0,'56:52',''),('28',10,56,0,'01:02:31',''),('28',11,185,0,'01:08:22',''),('28',12,218,0,'01:14:30',''),('28',13,419,0,'01:26:01',''),('28',14,468,0,'01:32:06',''),('29',1,126,0,'01:40',''),('29',2,74,0,'10:52',''),('29',3,158,0,'19:19',''),('29',4,303,0,'25:24',''),('29',5,181,0,'31:14',''),('29',6,256,0,'36:47',''),('29',7,351,0,'44:56',''),('29',8,85,0,'51:13',''),('29',9,149,0,'56:43',''),('29',10,234,0,'1:03:23',''),('29',11,119,0,'1:09:00',''),('29',12,273,0,'1:15:44',''),('29',13,62,0,'1:22:39',''),('29',14,203,0,'1:28:59',''),('29',15,416,0,'1:35:21',''),('29',16,16,0,'1:42:20','練習'),('29',17,113,0,'1:48:52',''),('29',18,117,0,'1:53:32',''),('3',1,198,0,'0:03:35',''),('3',2,206,0,'0:08:54',''),('3',3,441,0,'0:16:01',''),('3',4,242,0,'0:21:12',''),('3',5,66,0,'0:30:26',''),('3',6,444,0,'0:37:28',''),('3',7,83,0,'0:43:18',''),('3',8,316,0,'0:48:46',''),('3',9,2,0,'0:57:52',''),('30',1,446,0,'01:02',''),('30',2,486,0,'07:47',''),('30',3,176,0,'14:31',''),('30',4,495,0,'21:06',''),('30',5,498,0,'26:51',''),('30',6,423,0,'32:48',''),('30',7,240,0,'38:41',''),('30',8,302,0,'44:25',''),('30',9,443,0,'50:48',''),('30',10,396,0,'55:26',''),('30',11,432,0,'1:01:00',''),('30',12,484,0,'1:09:56',''),('30',13,205,0,'1:17:04',''),('30',14,464,0,'1:21:31',''),('30',15,268,0,'1:25:34',''),('30',16,41,0,'1:34:11',''),('30',17,19,0,'1:41:56',''),('30',18,340,0,'1:48:10',''),('30',19,492,0,'1:52:36',''),('30',20,456,0,'1:59:37',''),('31',1,278,0,'6:16',''),('31',2,210,0,'13:44',''),('31',3,382,0,'20:54',''),('31',4,374,0,'27:15',''),('31',5,307,0,'31:42',''),('31',6,440,0,'37:06',''),('31',7,418,0,'53:00',''),('31',8,199,0,'58:16',''),('31',9,339,0,'1:02:44',''),('31',10,323,0,'1:06:30',''),('31',11,112,0,'1:10:50',''),('31',12,169,0,'1:18:41',''),('31',13,485,0,'1:24:42',''),('31',14,461,0,'1:29:26',''),('31',15,192,0,'1:34:33',''),('31',16,141,0,'1:42:11',''),('31',17,123,0,'1:48:54',''),('31',18,459,2,'1:53:03',''),('31',19,145,0,'1:57:57',''),('31',20,165,0,'2:06:30',''),('31',21,444,0,'2:12:20',''),('31',22,224,0,'2:21:38',''),('31',23,372,0,'2:27:40','Piano Ver.'),('31',24,220,0,'2:36:28',''),('31',25,54,0,'2:40:56',''),('31',26,56,0,'2:48:30',''),('31',27,303,0,'2:56:18',''),('31',28,500,0,'3:03:14',''),('32',1,93,0,'04:18',''),('32',2,212,0,'12:39',''),('32',3,341,0,'17:12',''),('32',4,126,0,'21:48',''),('32',5,415,0,'30:16',''),('32',6,248,0,'36:55',''),('32',7,208,0,'46:54',''),('32',8,454,0,'52:03',''),('32',9,470,0,'56:20','練習'),('32',10,15,0,'1:00:59',''),('33',1,177,0,'07:20',''),('33',2,294,0,'18:32',''),('33',3,60,0,'25:45',''),('33',4,442,0,'28:42',''),('33',5,457,0,'33:12',''),('33',6,171,0,'39:14',''),('33',7,158,0,'43:09',''),('33',8,404,0,'49:27',''),('33',9,381,0,'56:55',''),('33',10,230,0,'1:05:34',''),('33',11,244,0,'1:11:07',''),('33',12,355,0,'1:16:45',''),('33',13,24,0,'1:22:51',''),('33',14,356,0,'1:28:22',''),('33',15,232,0,'1:39:30',''),('33',16,120,0,'1:44:02',''),('33',17,347,0,'1:53:08',''),('34',1,386,0,'5:10',''),('34',2,25,0,'13:51',''),('34',3,264,0,'19:43',''),('34',4,316,0,'25:48',''),('34',5,304,0,'32:18',''),('34',6,211,0,'39:31',''),('34',7,452,0,'44:16',''),('34',8,422,0,'50:54',''),('34',9,280,0,'56:32',''),('34',10,9,0,'1:01:23',''),('34',11,30,0,'1:06:33',''),('34',12,52,0,'1:12:32',''),('34',13,106,0,'1:19:39',''),('34',14,345,0,'1:25:59',''),('34',15,89,0,'1:31:38',''),('34',16,214,0,'1:36:57',''),('34',17,341,0,'1:42:25',''),('34',18,63,0,'1:48:43',''),('34',19,427,0,'1:48:43',''),('34',20,271,0,'1:59:44',''),('34',21,433,0,'2:11:53',''),('34',22,393,0,'2:17:14',''),('34',23,42,0,'2:22:45',''),('34',24,81,0,'2:28:58',''),('34',25,8,0,'2:35:02',''),('34',26,150,0,'2:41:11',''),('34',27,335,0,'2:49:27',''),('34',28,460,0,'2:55:04',''),('34',29,436,0,'3:01:29',''),('34',30,380,0,'3:06:52',''),('34',31,429,0,'3:13:56',''),('34',32,188,0,'3:16:34',''),('34',33,109,0,'3:19:34',''),('34',34,251,0,'3:26:18',''),('34',35,303,0,'3:35:38',''),('34',36,348,0,'3:40:58',''),('34',37,298,0,'3:46:17',''),('34',38,384,0,'3:51:38',''),('34',39,56,0,'3:59:36',''),('34',40,7,0,'4:04:41',''),('34',41,111,0,'4:09:44',''),('34',42,496,0,'4:15:19',''),('34',43,359,0,'4:21:13',''),('34',44,309,0,'4:26:57',''),('34',45,117,0,'4:31:53',''),('34',46,203,0,'4:36:10',''),('34',47,55,0,'4:42:05','アカペラ'),('34',48,195,0,'4:48:29',''),('34',49,388,0,'4:53:33',''),('34',50,297,0,'4:58:51',''),('34',51,43,0,'5:04:56',''),('35',1,439,0,'5:52',''),('35',2,33,0,'11:50',''),('35',3,75,0,'15:09',''),('35',4,157,0,'18:33',''),('35',5,432,0,'23:37',''),('35',6,275,0,'29:26',''),('35',7,237,0,'34:06',''),('35',8,357,0,'39:06',''),('35',9,165,0,'44:07',''),('35',10,182,0,'49:24',''),('35',11,462,0,'54:41',''),('35',12,67,0,'1:02:04',''),('35',13,169,0,'1:07:39',''),('35',14,242,0,'1:14:27',''),('35',15,113,0,'1:21:30',''),('36',1,202,0,'1:23',''),('36',2,379,0,'11:50',''),('36',3,74,0,'18:14',''),('36',4,447,0,'24:37',''),('36',5,238,0,'30:58',''),('36',6,50,0,'37:54',''),('36',7,51,0,'42:35',''),('36',8,327,0,'52:08',''),('36',9,344,0,'58:01',''),('36',10,204,0,'1:06:28',''),('36',11,184,0,'1:11:44',''),('36',12,282,0,'1:22:12',''),('36',13,158,0,'1:29:53',''),('36',14,141,0,'1:35:36',''),('36',15,12,0,'1:40:39',''),('36',16,286,0,'1:47:12',''),('36',17,278,0,'1:53:38',''),('36',18,218,0,'1:58:20',''),('36',19,362,0,'2:04:15',''),('36',20,251,0,'2:18:00',''),('37',1,354,0,'6:12',''),('37',2,47,0,'12:32',''),('37',3,313,0,'18:46',''),('37',4,153,0,'26:03',''),('37',5,273,0,'29:35',''),('37',6,166,0,'36:14',''),('37',7,121,0,'41:33',''),('37',8,475,0,'50:36',''),('37',9,217,0,'57:53',''),('37',10,293,0,'1:03:20',''),('37',11,467,0,'1:11:40',''),('37',12,455,0,'1:18:19',''),('37',13,137,0,'1:23:56',''),('37',14,398,0,'1:32:00',''),('37',15,309,0,'1:38:32',''),('37',16,162,0,'1:44:47',''),('37',17,160,0,'1:50:51',''),('37',18,378,0,'1:58:54',''),('37',19,502,0,'2:05:06',''),('37',20,216,0,'2:11:02',''),('37',21,161,0,'2:22:50',''),('37',22,259,0,'2:28:56',''),('38',1,20,0,'01:32',''),('38',2,326,0,'10:23',''),('38',3,487,0,'16:13',''),('38',4,350,0,'23:42',''),('38',5,453,0,'31:00',''),('38',6,59,0,'40:17',''),('38',7,26,0,'48:19',''),('38',8,469,0,'53:34',''),('38',9,463,0,'59:56',''),('38',10,305,0,'1:14:19',''),('38',11,69,0,'1:21:42',''),('38',12,242,0,'1:28:08',''),('38',13,66,0,'1:36:32',''),('38',14,397,0,'1:43:54',''),('38',15,330,0,'1:52:40',''),('38',16,428,0,'2:07:04',''),('38',17,457,0,'2:31:42',''),('38',18,90,0,'2:41:11',''),('38',19,371,0,'2:47:59',''),('38',20,189,0,'2:57:09',''),('38',21,376,0,'3:06:46',''),('39',1,405,0,'10:36','音咲アリンとコラボ'),('39',2,413,0,'22:57','音咲アリンとコラボ'),('39',3,149,0,'29:42','音咲アリンとコラボ'),('39',4,136,0,'39:56','音咲アリンとコラボ'),('39',5,463,0,'45:41','音咲アリンとコラボ'),('39',6,503,0,'52:34','音咲アリンとコラボ'),('39',7,504,0,'59:37','音咲アリンとコラボ'),('39',8,505,0,'1:08:55','音咲アリンとコラボ'),('39',9,474,0,'1:14:46','音咲アリンとコラボ'),('4',1,365,0,'0:01:22',''),('4',2,174,0,'0:08:20',''),('4',3,231,0,'0:14:22',''),('4',4,149,0,'0:20:40',''),('4',5,304,0,'0:26:09',''),('4',6,97,0,'0:32:49',''),('4',7,232,0,'0:39:27',''),('4',8,212,0,'0:45:45',''),('4',9,42,0,'0:55:37',''),('4',10,305,0,'1:03:38',''),('4',11,348,0,'1:09:16',''),('4',12,72,0,'1:15:56',''),('4',13,148,0,'1:22:28',''),('4',14,67,0,'1:29:42',''),('4',15,286,0,'1:36:08',''),('4',16,264,0,'1:42:29',''),('4',17,43,0,'1:52:58',''),('40',1,266,0,'4:32','デュエット風'),('40',2,506,0,'11:09','デュエット風'),('40',3,507,0,'16:30','デュエット風'),('40',4,508,0,'23:52 ','デュエット風'),('40',5,509,0,'29:29','デュエット風'),('40',6,510,0,'36:13','デュエット風'),('40',7,511,0,'42:00','デュエット風'),('40',8,512,0,'48:20','デュエット風'),('40',9,513,0,'54:00','デュエット風'),('40',10,491,0,'58:40','デュエット風'),('40',11,168,0,'1:04:40','デュエット風'),('40',12,120,0,'1:09:08','デュエット風'),('40',13,515,0,'1:15:58','デュエット風'),('40',14,189,0,'1:21:06','デュエット風'),('40',15,40,0,'1:28:28','デュエット風'),('40',16,474,0,'1:34:23','デュエット風'),('41',1,516,0,'1:17',''),('41',2,517,0,'5:08',''),('41',3,384,0,'8:03',''),('41',4,518,0,'12:43',''),('41',5,519,0,'16:50',''),('42',1,174,0,'03:45','物部モノ子とコラボ'),('42',2,380,0,'10:26','物部モノ子とコラボ'),('42',3,393,0,'16:55','物部モノ子とコラボ'),('42',4,79,0,'23:10','物部モノ子とコラボ'),('42',5,289,0,'31:30','物部モノ子とコラボ'),('42',6,147,0,'38:07','物部モノ子とコラボ'),('42',7,239,0,'45:37','物部モノ子とコラボ'),('42',8,350,0,'51:32','物部モノ子とコラボ'),('42',9,520,0,'1:05:40','コラボ（物部モノ子ウクレレ演奏）'),('42',10,192,0,'1:10:44','コラボ（物部モノ子ウクレレ演奏）'),('43',1,432,0,'01:00',''),('43',2,521,0,'10:08',''),('43',3,522,0,'17:51',''),('43',4,523,0,'25:51',''),('43',5,524,0,'32:54',''),('43',6,525,0,'41:23',''),('43',7,526,0,'50:27',''),('43',8,360,0,'1:02:09',''),('43',9,265,0,'1:10:47',''),('43',10,272,0,'1:21:22',''),('44',1,109,0,'8:32','恋塚めぐるとデュエット'),('44',2,527,0,'19:29','恋塚めぐるとデュエット'),('44',3,372,0,'27:27','恋塚めぐるとデュエット'),('44',4,104,0,'40:34','恋塚めぐるとデュエット'),('44',5,474,0,'53:22','恋塚めぐるとデュエット'),('45',1,528,0,'6:08',''),('45',2,362,0,'15:35',''),('45',3,529,0,'26:05',''),('45',4,530,0,'31:49',''),('45',5,119,0,'37:54',''),('45',6,531,0,'45:01',''),('45',7,532,0,'51:29',''),('45',8,533,0,'59:47',''),('45',9,434,0,'1:08:35',''),('45',10,534,0,'1:21:29',''),('45',11,224,0,'1:32:04',''),('45',12,453,0,'1:40:54',''),('45',13,246,0,'1:51:34',''),('45',14,433,0,'2:03:46',''),('45',15,496,0,'2:17:47',''),('45',16,56,0,'2:28:10',''),('46',1,481,0,'1:32',''),('46',2,124,0,'8:28',''),('46',3,376,0,'12:16',''),('46',4,535,0,'17:50',''),('47',1,536,0,'5:58',''),('47',2,537,0,'14:23',''),('47',3,382,0,'23:05',''),('47',4,302,0,'34:18',''),('47',5,538,0,'40:55',''),('47',6,539,0,'51:07',''),('47',7,86,0,'59:04',''),('47',8,540,0,'1:04:50',''),('47',9,278,0,'1:12:04',''),('47',10,541,0,'1:17:10','セットリスト外'),('47',11,542,0,'1:24:14','（ロリではない）'),('48',1,306,0,'1:20',''),('48',2,501,0,'12:17',''),('48',3,319,0,'19:47',''),('48',4,447,0,'26:04',''),('48',5,529,0,'31:50',''),('48',6,20,0,'37:04',''),('48',7,543,0,'42:04',''),('48',8,7,0,'47:25',''),('48',9,351,0,'53:55',''),('48',10,544,0,'59:49',''),('48',11,9,0,'1:07:31',''),('48',12,203,0,'1:17:05',''),('48',13,545,0,'1:22:15',''),('48',14,12,0,'1:31:17',''),('48',15,74,0,'1:37:23',''),('48',16,177,0,'1:43:45',''),('48',17,531,0,'1:49:23',''),('48',18,107,0,'1:54:52',''),('48',19,242,0,'2:02:08',''),('48',20,158,0,'2:13:18',''),('48',21,365,0,'2:19:45',''),('48',22,453,0,'2:27:35',''),('48',23,279,0,'2:33:01',''),('48',24,56,0,'2:38:39',''),('48',25,127,0,'2:45:44',''),('48',26,362,0,'2:53:11',''),('49',1,546,0,'2:30',''),('49',2,158,0,'10:00',''),('49',3,547,0,'14:17',''),('49',4,548,0,'17:57',''),('49',5,549,0,'23:44',''),('5',1,372,0,'03:13',''),('5',2,142,0,'10:08',''),('5',3,135,0,'15:17',''),('5',4,269,0,'20:34',''),('5',5,268,0,'26:32',''),('5',6,334,0,'32:27',''),('5',7,266,0,'37:44',''),('5',8,58,0,'43:06',''),('5',9,267,0,'49:06',''),('5',10,272,0,'54:19',''),('5',11,497,0,'58:03',''),('5',12,3,0,'1:02:54',''),('5',13,282,0,'1:06:36',''),('5',14,492,1,'1:14:00',''),('5',15,227,0,'1:21:04',''),('5',16,132,0,'1:26:49',''),('5',17,450,0,'1:31:18',''),('5',18,265,0,'1:36:56',''),('5',19,34,0,'1:44:30',''),('5',20,472,0,'1:52:17',''),('5',21,28,0,'2:01:29',''),('5',22,129,0,'2:06:18',''),('5',23,60,0,'2:11:48','練習中'),('5',24,105,0,'2:17:24',''),('5',25,302,0,'2:23:14',''),('5',26,368,0,'2:28:00',''),('50',1,550,0,'1:37',''),('50',2,453,0,'6:42',''),('50',3,551,0,'11:29',''),('50',4,552,0,'16:08',''),('50',5,203,0,'21:18',''),('51',1,532,0,'2:15',''),('51',2,553,0,'6:12',''),('51',3,554,0,'9:41',''),('51',4,555,0,'12:55',''),('51',5,556,0,'15:35',''),('51',6,557,0,'18:57',''),('52',1,558,0,'4:25',''),('52',2,501,0,'11:27',''),('52',3,68,0,'19:27',''),('52',4,316,0,'26:54',''),('52',5,531,0,'34:12',''),('52',6,183,0,'41:43',''),('52',7,423,0,'50:31',''),('53',1,541,0,'6:17',''),('53',2,278,0,'12:35',''),('53',3,556,0,'17:47',''),('53',4,536,0,'24:02',''),('53',5,199,0,'27:22',''),('53',6,281,0,'37:45',''),('53',7,559,0,'43:33',''),('53',8,560,0,'51:20',''),('53',9,247,1,'1:02:25',''),('53',10,298,0,'1:10:47',''),('53',11,384,0,'1:15:57',''),('53',12,275,0,'1:23:02',''),('53',13,561,0,'1:26:50',''),('53',14,399,0,'1:35:15',''),('53',15,69,0,'1:41:14',''),('53',16,362,0,'1:45:43',''),('53',17,549,0,'1:51:37',''),('54',1,62,0,'6:40','ピアノアレンジ'),('54',2,122,0,'14:44','ピアノアレンジ'),('54',3,562,0,'23:52','ピアノアレンジ'),('54',4,282,0,'33:48','ピアノアレンジ'),('54',5,220,0,'42:45','ピアノアレンジ'),('54',6,500,0,'49:40','ピアノアレンジ'),('54',7,268,0,'58:05','ピアノアレンジ'),('54',8,563,0,'1:09:41',''),('54',9,378,0,'1:24:12','ピアノアレンジ'),('54',10,154,0,'1:30:13','ピアノアレンジ'),('54',11,312,0,'1:38:25','ピアノアレンジ'),('54',12,564,0,'1:45:03','ピアノアレンジ'),('54',13,263,0,'1:51:28','ピアノアレンジ'),('54',14,204,0,'2:02:25',''),('54',15,184,0,'2:09:24',''),('55',1,565,0,'5:56',''),('55',2,566,0,'10:43',''),('55',3,274,0,'16:19',''),('55',4,224,0,'23:02',''),('55',5,351,0,'31:00',''),('55',6,433,0,'38:05',''),('55',7,430,0,'44:47',''),('55',8,30,0,'50:07',''),('56',1,422,0,'2:58',''),('56',2,370,0,'9:55',''),('56',3,390,0,'17:22',''),('56',4,389,0,'24:08',''),('56',5,567,0,'30:19',''),('56',6,485,0,'38:58',''),('56',7,192,0,'44:00',''),('56',8,202,0,'50:47',''),('56',9,568,0,'57:54',''),('56',10,93,0,'1:04:51',''),('56',11,362,0,'1:11:19',''),('57',1,569,0,'10:21',''),('57',2,570,0,'19:33',''),('57',3,571,0,'29:00',''),('57',4,14,0,'38:13',''),('57',5,572,0,'46:32',''),('57',6,573,0,'52:45',''),('57',7,574,0,'1:01:10',''),('57',8,575,0,'1:10:32',''),('57',9,576,0,'1:14:54',''),('57',10,577,0,'1:19:50',''),('57',11,578,0,'1:26:27',''),('57',12,193,0,'1:32:37',''),('57',13,579,0,'1:39:19',''),('57',14,580,0,'1:47:25',''),('57',15,37,0,'1:53:59',''),('57',16,581,0,'2:00:41',''),('57',17,582,0,'2:07:21',''),('57',18,55,0,'2:14:24',''),('57',19,583,0,'2:20:30',''),('57',20,584,0,'2:28:24',''),('57',21,414,0,'2:38:47',''),('57',22,80,0,'2:46:36',''),('57',23,585,0,'2:54:15',''),('57',24,252,0,'3:02:58',''),('57',25,586,0,'3:10:04',''),('57',26,587,0,'3:19:47',''),('57',27,588,0,'3:28:32',''),('57',28,589,0,'3:36:14',''),('58',1,558,0,'1:02',''),('58',2,590,0,'4:26',''),('58',3,418,0,'9:40',''),('58',4,591,0,'12:52',''),('58',5,592,0,'17:54',''),('59',1,593,0,'2:20',''),('59',2,594,0,'7:51',''),('59',3,595,0,'13:13',''),('59',4,71,0,'17:28',''),('59',5,596,0,'22:43',''),('6',1,289,0,'5:19',''),('6',2,394,0,'9:58',''),('6',3,415,0,'14:40',''),('6',4,94,0,'21:15',''),('6',5,477,0,'28:57',''),('6',6,257,0,'33:28',''),('6',7,288,0,'44:56',''),('6',8,196,0,'50:10','1番だけ'),('6',9,178,0,'53:57',''),('6',10,91,0,'58:24',''),('6',11,163,0,'1:05:10',''),('6',12,491,0,'1:11:32',''),('6',13,490,0,'1:17:13',''),('6',14,395,0,'1:23:53',''),('6',15,423,0,'1:30:00',''),('6',16,134,0,'1:36:20',''),('6',17,315,0,'1:42:01',''),('6',18,337,0,'1:46:45',''),('6',19,295,0,'1:52:52',''),('6',20,366,0,'1:59:38',''),('6',21,180,0,'2:02:45',''),('6',22,376,0,'2:08:30',''),('6',23,184,0,'2:15:42',''),('6',24,13,0,'2:26:59',''),('6',25,474,0,'2:31:57',''),('6',26,115,0,'2:39:35',''),('6',27,250,0,'2:45:28',''),('6',28,122,0,'2:52:27',''),('6',29,455,0,'2:59:14',''),('6',30,439,0,'3:04:20',''),('6',31,2,0,'3:11:09',''),('6',32,45,0,'3:17:33',''),('6',33,30,0,'3:21:10',''),('6',34,68,0,'3:27:28',''),('6',35,413,0,'3:32:40',''),('6',36,308,0,'3:37:20',''),('6',37,421,0,'3:42:17',''),('6',38,236,0,'3:47:22',''),('6',39,60,0,'3:51:11',''),('60',1,568,0,'6:48',''),('60',2,195,0,'15:28',''),('60',3,597,0,'24:21','練習'),('60',4,598,0,'30:20',''),('60',5,599,0,'41:38',''),('60',6,600,0,'50:13',''),('60',7,194,0,'1:00:58',''),('60',8,352,0,'1:11:46',''),('60',9,601,0,'1:21:02',''),('60',10,602,0,'1:29:44',''),('60',11,603,0,'1:38:06',''),('60',12,535,0,'1:52:42',''),('60',13,558,0,'2:05:30',''),('61',1,604,0,'6:33',''),('61',2,242,0,'15:48',''),('61',3,309,0,'28:08',''),('61',4,376,0,'39:15',''),('61',5,563,0,'55:18',''),('61',6,605,0,'1:04:54',''),('61',7,343,0,'1:10:31',''),('61',8,453,0,'1:14:29',''),('61',9,265,0,'1:21:14',''),('61',10,69,0,'1:31:28',''),('61',11,606,0,'1:38:38',''),('61',12,336,0,'1:48:06',''),('61',13,62,0,'1:59:26',''),('61',14,122,0,'2:10:55',''),('62',1,354,0,'1:18',''),('62',2,313,0,'13:24',''),('62',3,463,0,'19:50',''),('62',4,41,0,'27:21',''),('62',5,607,0,'34:47',''),('62',6,608,0,'41:42','少しだけ（セトリ除外）'),('62',7,105,0,'45:26',''),('62',8,217,0,'50:50',''),('62',9,107,0,'55:26',''),('62',10,161,0,'1:04:45',''),('62',11,259,0,'1:11:33',''),('62',12,609,0,'1:26:08',''),('62',13,101,0,'1:31:19',''),('62',14,162,0,'1:38:19',''),('62',15,160,0,'1:46:39',''),('62',16,425,0,'1:55:08',''),('62',17,502,0,'2:04:02',''),('62',18,293,0,'2:13:41',''),('62',19,137,0,'2:27:46',''),('62',20,378,0,'2:37:15',''),('62',21,216,0,'2:43:22',''),('63',1,610,0,'4:29',''),('63',2,324,0,'14:18',''),('63',3,495,0,'20:18',''),('63',4,456,1,'30:48',''),('63',5,240,0,'37:33',''),('63',6,209,0,'43:24',''),('63',7,157,0,'48:52',''),('63',8,275,0,'54:41',''),('63',9,237,0,'1:00:15',''),('63',10,182,0,'1:06:38',''),('63',11,124,0,'1:12:26',''),('63',12,23,0,'1:17:33',''),('63',13,28,0,'1:23:45',''),('63',14,549,0,'1:30:18',''),('63',15,362,0,'1:35:49',''),('64',1,611,0,'2:46:13','メーレとデュエット'),('64',2,305,0,'2:50:21','メーレとデュエット'),('65',1,612,0,'05:37','音咲アリンとデュエット'),('65',2,294,0,'15:52','音咲アリンとデュエット'),('65',3,605,0,'27:40','音咲アリンとデュエット'),('65',4,69,0,'36:32','音咲アリンとデュエット'),('65',5,23,0,'52:59','音咲アリンとデュエット'),('65',6,121,0,'1:07:35','音咲アリンとデュエット'),('65',7,613,0,'1:25:07','音咲アリンとデュエット'),('65',8,614,0,'1:34:06','音咲アリンとデュエット'),('66',1,615,0,'7:04',''),('66',2,588,0,'15:22',''),('66',3,616,0,'21:31',''),('66',4,617,0,'27:24',''),('66',5,618,0,'34:08',''),('66',6,602,0,'44:20',''),('66',7,619,0,'50:30',''),('66',8,620,0,'57:04',''),('66',9,621,0,'1:03:10',''),('66',10,622,0,'1:12:03',''),('66',11,623,0,'1:17:55',''),('66',12,624,0,'1:24:18',''),('66',13,625,0,'1:30:39',''),('66',14,626,0,'1:37:43',''),('66',15,627,0,'1:46:15',''),('67',1,28,0,'1:47',''),('67',2,612,0,'13:38',''),('67',3,279,0,'23:39',''),('67',4,34,0,'30:50',''),('67',5,370,0,'40:55',''),('67',6,391,0,'49:24',''),('67',7,628,0,'58:49',''),('67',8,281,0,'1:05:20',''),('67',9,384,0,'1:12:51',''),('67',10,516,0,'1:24:08',''),('67',11,531,0,'1:30:12',''),('67',12,124,0,'1:37:18',''),('67',13,376,0,'1:45:05',''),('67',14,568,0,'1:55:18',''),('67',15,158,0,'2:05:15',''),('67',16,546,0,'2:13:53',''),('67',17,548,0,'2:21:21',''),('67',18,532,0,'2:27:13',''),('67',19,552,0,'2:34:56',''),('67',20,558,0,'2:43:58',''),('67',21,146,0,'2:52:21',''),('67',22,362,0,'2:58:55',''),('67',23,535,0,'3:06:40',''),('67',24,159,0,'3:14:52',''),('68',1,337,0,'5:03',''),('68',2,629,0,'11:37',''),('68',3,630,0,'18:45',''),('68',4,630,0,'21:32','2回目'),('68',5,631,0,'27:33',''),('68',6,632,0,'35:56',''),('68',7,252,0,'43:15',''),('68',8,569,0,'51:27',''),('68',9,633,0,'1:00:42',''),('68',10,76,0,'1:08:45',''),('68',11,634,0,'1:20:08',''),('68',12,224,0,'1:26:00',''),('68',13,635,0,'1:33:55',''),('68',14,636,0,'1:39:13',''),('68',15,157,0,'1:43:06',''),('68',16,479,0,'1:50:20',''),('68',17,561,0,'1:57:00',''),('68',18,228,0,'2:02:03',''),('68',19,221,0,'2:08:08',''),('68',20,585,0,'2:15:09',''),('68',21,556,0,'2:21:08',''),('68',22,605,0,'2:26:52',''),('68',23,209,0,'2:33:12',''),('68',24,637,0,'2:39:10',''),('68',25,549,0,'2:47:00',''),('69',1,638,0,'5:38',''),('69',2,457,0,'11:15',''),('69',3,254,0,'24:01',''),('69',4,455,0,'31:50',''),('69',5,639,0,'38:51','試しで歌う　セトリ除外'),('69',6,357,0,'45:09',''),('69',7,199,0,'52:28',''),('69',8,274,0,'58:30',''),('69',9,640,0,'1:07:19',''),('69',10,518,0,'1:13:25',''),('69',11,641,0,'1:21:13',''),('69',12,20,0,'1:25:56',''),('69',13,307,0,'1:29:56',''),('69',14,642,0,'1:36:40',''),('69',15,268,0,'1:43:12',''),('69',16,236,0,'1:52:18',''),('7',1,471,0,'1:42',''),('7',2,416,0,'7:33',''),('7',3,369,0,'13:28',''),('7',4,163,0,'20:11',''),('7',5,232,0,'24:42',''),('7',6,127,0,'29:12',''),('7',7,410,0,'35:21',''),('7',8,157,0,'40:10',''),('7',9,169,0,'44:23',''),('7',10,4,0,'50:36',''),('7',11,138,0,'55:09',''),('7',12,340,0,'1:00:37',''),('7',13,29,0,'1:05:44',''),('7',14,468,0,'1:12:18',''),('7',15,322,0,'1:17:02',''),('7',16,378,0,'1:19:36',''),('7',17,422,0,'1:27:09',''),('7',18,254,0,'1:34:03',''),('7',19,464,0,'1:40:02',''),('7',20,6,0,'1:43:36',''),('7',21,137,0,'1:47:31',''),('7',22,154,0,'1:54:33',''),('70',1,189,0,'12:38','歌踊マガルとコラボ'),('70',2,212,0,'19:35','歌踊マガルとコラボ'),('70',3,12,0,'28:21','古椿姫メルとコラボ'),('70',4,351,0,'34:13','古椿姫メルとコラボ'),('70',5,36,0,'41:55','音咲アリンとコラボ'),('70',6,409,0,'48:25','音咲アリンとコラボ'),('70',7,251,0,'55:22','夢紬そいねとコラボ'),('70',8,643,0,'1:01:36','夢紬そいねとコラボ'),('70',9,147,0,'1:09:45','紅寿ぴけとコラボ'),('70',10,154,0,'1:15:10','紅寿ぴけとコラボ'),('70',11,313,0,'1:26:25','雨見ねあとコラボ'),('70',12,17,0,'1:32:00','雨見ねあとコラボ'),('70',13,447,0,'1:41:20','即興参加者皆で歌唱'),('70',14,276,0,'1:48:22','即興参加者皆で歌唱'),('71',1,287,1,'3:34',''),('71',2,56,0,'8:32',''),('71',3,112,0,'14:37',''),('71',4,501,0,'20:06',''),('71',5,217,0,'27:28',''),('71',6,416,0,'31:21',''),('71',7,454,0,'37:54','Piano Ver.'),('71',8,529,0,'45:18',''),('71',9,414,0,'51:57','アカペラ ワンコーラス'),('72',1,644,0,'',''),('72',2,645,0,'',''),('72',3,645,1,'',''),('73',1,7,0,'4:14',''),('73',2,646,0,'10:34','（歌えない）'),('73',3,247,1,'19:29',''),('73',4,647,0,'25:49',''),('73',5,485,0,'35:18',''),('73',6,598,0,'44:55',''),('73',7,605,0,'51:02',''),('73',8,536,0,'55:15',''),('73',9,273,0,'59:01',''),('73',10,465,0,'1:05:30',''),('73',11,307,1,'1:12:03','試し'),('73',12,648,0,'1:16:41','練習中'),('73',13,362,0,'1:22:15',''),('73',14,549,0,'1:29:15',''),('74',1,372,0,'5:01',''),('74',2,250,0,'13:18',''),('74',3,649,0,'24:17',''),('74',4,286,0,'32:36',''),('74',5,650,0,'42:51',''),('74',6,651,0,'55:21',''),('74',7,652,0,'1:00:22',''),('74',8,653,0,'1:07:51',''),('74',9,654,0,'1:20:22',''),('74',10,655,0,'1:29:31',''),('74',11,104,0,'1:38:30',''),('75',1,69,0,'4:07',''),('75',2,374,0,'8:18',''),('75',3,555,0,'12:56',''),('75',4,343,0,'15:35',''),('75',5,641,0,'19:37',''),('75',6,237,0,'26:25',''),('75',7,275,0,'32:49',''),('75',8,439,0,'38:25',''),('75',9,182,0,'45:15',''),('75',10,656,0,'52:23',''),('75',11,657,0,'1:01:40',''),('75',12,658,0,'1:08:11',''),('75',13,357,0,'1:15:41',''),('75',14,242,0,'1:23:19',''),('76',1,659,0,'5:18',''),('76',2,612,0,'10:52',''),('76',3,628,0,'17:56',''),('76',4,660,0,'23:14',''),('76',5,568,0,'32:57',''),('76',6,597,0,'40:28','セトリ外'),('76',7,661,0,'40:27','セトリ外'),('76',8,662,0,'50:22',''),('76',9,70,0,'56:24',''),('76',10,422,0,'1:05:45',''),('77',1,605,0,'2:03',''),('77',2,252,0,'10:28',''),('77',3,218,0,'21:06',''),('77',4,569,0,'26:33',''),('77',5,663,0,'35:21',''),('77',6,171,0,'41:42',''),('77',7,664,0,'48:35',''),('77',8,459,2,'55:32',''),('77',9,123,0,'1:00:32',''),('77',10,121,0,'1:10:30',''),('77',11,527,0,'1:19:40',''),('77',12,91,0,'1:27:02',''),('77',13,246,0,'1:36:13',''),('77',14,546,0,'1:43:45',''),('77',15,238,0,'1:56:53',''),('77',16,614,0,'2:06:47',''),('77',17,549,0,'2:18:31',''),('78',1,135,0,'',''),('78',2,665,0,'',''),('78',3,666,0,'',''),('79',1,440,0,'1:18',''),('79',2,109,0,'7:19',''),('79',3,399,0,'11:59',''),('79',4,667,0,'16:32',''),('79',5,668,0,'20:50',''),('8',1,91,0,'2:04',''),('8',2,23,0,'9:00',''),('8',3,160,0,'17:03',''),('8',4,376,0,'24:17',''),('8',5,130,0,'30:45',''),('8',6,425,0,'36:05',''),('8',7,38,0,'41:34',''),('8',8,455,0,'48:30',''),('8',9,178,0,'53:03',''),('8',10,270,0,'57:35',''),('8',11,245,0,'1:02:17',''),('8',12,125,0,'1:07:46',''),('8',13,155,0,'1:12:41',''),('8',14,373,0,'1:18:13',''),('8',15,122,0,'1:27:15',''),('8',16,62,0,'1:34:57',''),('8',17,246,0,'1:40:11',''),('8',18,216,0,'1:48:48',''),('80',1,194,0,'7:17',''),('80',2,669,0,'17:12',''),('80',3,573,0,'23:44',''),('80',4,670,0,'31:07',''),('80',5,601,0,'36:56',''),('80',6,506,0,'44:41',''),('80',7,605,0,'53:37',''),('80',8,298,0,'1:00:53',''),('80',9,528,0,'1:08:27',''),('80',10,661,0,'1:17:12',''),('80',11,80,0,'1:24:32',''),('80',12,671,0,'1:31:04',''),('80',13,414,0,'1:38:49',''),('80',14,303,0,'1:45:53',''),('80',15,597,0,'1:52:35',''),('80',16,380,0,'1:58:10',''),('80',17,672,0,'2:06:42',''),('80',18,228,0,'2:15:12',''),('80',19,8,0,'2:24:58',''),('80',20,673,0,'2:35:04',''),('80',21,24,0,'2:45:58',''),('80',22,581,0,'2:54:03',''),('80',23,674,0,'3:03:13',''),('80',24,623,0,'3:10:37',''),('80',25,14,0,'3:21:12',''),('80',26,589,0,'3:28:08',''),('80',27,675,0,'3:35:26',''),('81',1,568,0,'7:08',''),('81',2,337,0,'14:28',''),('81',3,234,0,'30:06',''),('81',4,441,0,'36:16',''),('81',5,122,0,'50:17',''),('81',6,376,0,'58:06',''),('81',7,676,0,'1:07:15',''),('81',8,397,0,'1:26:14',''),('81',9,22,0,'1:43:02','ピアノ版'),('81',10,549,0,'1:50:29',''),('82',1,108,0,'1:51',''),('82',2,391,0,'11:04',''),('82',3,390,0,'20:00',''),('82',4,677,0,'28:29',''),('82',5,192,0,'35:24',''),('82',6,646,0,'42:14',''),('82',7,256,0,'50:24',''),('82',8,262,0,'58:33',''),('82',9,500,0,'1:12:51','piano ver.'),('82',10,370,0,'1:20:46',''),('82',11,558,0,'1:29:39',''),('82',12,678,0,'1:35:26',''),('82',13,260,0,'1:41:18',''),('82',14,36,0,'1:49:28',''),('82',15,590,0,'1:58:39',''),('82',16,592,0,'2:07:16',''),('82',17,362,0,'2:12:23',''),('82',18,127,0,'2:22:45',''),('83',1,81,0,'1:53',''),('83',2,679,0,'11:53',''),('83',3,158,0,'21:26',''),('83',4,168,0,'28:57',''),('83',5,324,0,'36:05',''),('83',6,27,0,'45:44',''),('83',7,222,0,'54:39',''),('83',8,151,0,'1:03:51',''),('83',9,562,0,'1:14:12',''),('84',1,74,0,'4:36',''),('84',2,471,0,'12:07',''),('84',3,185,0,'19:18',''),('84',4,315,0,'26:38',''),('84',5,31,0,'36:37',''),('84',6,278,0,'41:36',''),('84',7,231,0,'54:57',''),('84',8,149,0,'1:09:38',''),('84',9,628,0,'1:17:05',''),('84',10,281,0,'1:24:44',''),('84',11,496,0,'1:34:08',''),('84',12,569,0,'1:43:47',''),('84',13,410,0,'1:56:00',''),('84',14,629,0,'2:03:57',''),('84',15,549,0,'2:12:23',''),('85',1,463,0,'2:00',''),('85',2,236,0,'14:04',''),('85',3,209,0,'20:04',''),('85',4,20,0,'27:17',''),('85',5,7,0,'42:02',''),('85',6,144,0,'57:32',''),('85',7,680,0,'1:06:18',''),('85',8,628,0,'1:13:01',''),('85',9,121,0,'1:19:49',''),('85',10,312,0,'1:30:41',''),('85',11,549,0,'1:40:39',''),('86',1,159,0,'2:42',''),('86',2,207,0,'6:52',''),('86',3,215,0,'12:00',''),('86',4,344,0,'17:41',''),('86',5,681,1,'23:45',''),('87',1,682,0,'1:44',''),('87',2,47,0,'14:43',''),('87',3,354,0,'28:11',''),('87',4,683,0,'38:16',''),('87',5,121,0,'48:27',''),('87',6,467,0,'55:08',''),('87',7,378,0,'1:03:45',''),('87',8,455,0,'1:12:40',''),('87',9,309,0,'1:19:10',''),('87',10,352,0,'1:29:18',''),('87',11,252,0,'1:38:38',''),('87',12,117,1,'1:46:40',''),('87',13,184,0,'1:57:47',''),('87',14,160,0,'2:06:54',''),('87',15,217,0,'2:15:59',''),('87',16,608,0,'2:27:24',''),('87',17,684,0,'2:35:24',''),('87',18,161,0,'2:48:41',''),('87',19,259,0,'2:55:31',''),('88',1,341,0,'0:58',''),('88',2,685,0,'7:06',''),('88',3,686,0,'13:05',''),('88',4,687,0,'17:39',''),('88',5,599,0,'23:57',''),('88',6,688,0,'30:12',''),('88',7,689,0,'35:36',''),('88',8,690,0,'40:34',''),('88',9,691,0,'46:55',''),('88',10,362,0,'53:05',''),('89',1,692,0,'8:25',''),('89',2,693,0,'15:59',''),('89',3,647,0,'24:52',''),('89',4,694,0,'37:44',''),('89',5,695,0,'46:20',''),('89',6,696,0,'53:48',''),('89',7,697,0,'1:02:10','試し　1番だけ'),('89',8,502,0,'1:07:46',''),('89',9,646,0,'1:19:46',''),('89',10,698,0,'1:28:53','試し　原キー 低'),('89',11,698,0,'1:33:17','少しだけ　キー+5'),('89',12,699,0,'1:39:32',''),('89',13,426,0,'1:51:33',''),('89',14,191,0,'2:04:18',''),('89',15,242,0,'2:11:07',''),('89',16,644,0,'2:22:40',''),('89',17,162,0,'2:27:28',''),('89',18,546,0,'2:42:36',''),('89',19,549,0,'2:55:59',''),('9',1,60,0,'03:33',''),('9',2,488,0,'08:00',''),('9',3,321,0,'14:06',''),('9',4,68,0,'19:38',''),('9',5,430,0,'25:29',''),('9',6,393,0,'31:46',''),('9',7,154,0,'37:03',''),('9',8,156,0,'43:46',''),('9',9,101,0,'49:25',''),('9',10,410,0,'56:42',''),('9',11,313,0,'1:01:12',''),('9',12,144,0,'1:06:00',''),('9',13,282,0,'1:10:32',''),('90',1,700,0,'2:40',''),('90',2,679,0,'8:51',''),('90',3,701,0,'14:36',''),('90',4,397,0,'21:15',''),('91',1,411,0,'7:57','古椿姫メルとデュエット'),('91',2,648,0,'17:49','古椿姫メルとデュエット'),('91',3,120,0,'25:53','古椿姫メルとデュエット'),('91',4,172,0,'34:55','古椿姫メルとデュエット'),('91',5,487,0,'43:57','古椿姫メルとデュエット'),('91',6,508,0,'51:10','古椿姫メルとデュエット'),('91',7,80,0,'1:04:46','古椿姫メルとデュエット'),('91',8,362,0,'1:15:05','古椿姫メルとデュエット'),('91',9,558,0,'1:26:39','古椿姫メルとデュエット'),('92',1,549,0,'0:27',''),('92',2,121,0,'7:00',''),('92',3,124,0,'11:08',''),('92',4,410,0,'16:45',''),('92',5,303,0,'21:58',''),('93',1,558,0,'5:38','ピアノver.'),('93',2,245,0,'12:10','ピアノver.'),('93',3,702,0,'21:46','ピアノver.'),('93',4,562,0,'30:22','ピアノver.'),('93',5,140,0,'38:12','ピアノver.'),('93',6,563,0,'46:20',''),('93',7,309,0,'1:15:53',''),('93',8,23,0,'1:27:38',''),('93',9,41,0,'1:33:33',''),('94',1,703,0,'1:56',''),('94',2,704,0,'7:41',''),('94',3,705,0,'12:13',''),('94',4,706,0,'16:30',''),('94',5,707,0,'21:37',''),('95',1,708,0,'2:38',''),('95',2,656,0,'7:00',''),('95',3,709,0,'11:02',''),('95',4,710,0,'15:26',''),('95',5,152,0,'20:29',''),('96',1,531,0,'6:57',''),('96',2,711,0,'14:13',''),('96',3,79,0,'23:52',''),('96',4,674,0,'30:33',''),('96',5,290,0,'39:39',''),('96',6,209,0,'48:57',''),('96',7,495,0,'54:24',''),('96',8,269,0,'1:12:38',''),('96',9,20,0,'1:23:45',''),('96',10,57,0,'1:29:23',''),('96',11,457,0,'1:38:26',''),('96',12,307,0,'1:45:27',''),('97',1,701,0,'8:15',''),('97',2,161,0,'19:06',''),('97',3,712,0,'28:16',''),('97',4,402,0,'33:37',''),('97',5,713,0,'40:46',''),('97',6,714,1,'50:04',''),('97',7,252,0,'1:01:40',''),('97',8,309,0,'1:08:03',''),('97',9,352,0,'1:21:20',''),('97',10,496,0,'1:32:12',''),('97',11,281,0,'1:40:14',''),('97',12,226,0,'1:57:46',''),('97',13,434,0,'2:09:37',''),('97',14,286,0,'2:16:03',''),('97',15,550,0,'2:24:31',''),('97',16,706,0,'2:31:21',''),('97',17,238,0,'2:39:22',''),('97',18,80,0,'2:47:10',''),('97',19,242,0,'2:54:37',''),('97',20,152,0,'3:05:11',''),('97',21,362,0,'3:13:22',''),('97',22,549,0,'3:22:06',''),('97',23,535,0,'3:32:27','（セトリ追加）'),('C1',1,169,0,'',''),('C1',2,220,0,'',''),('C1',3,36,0,'',''),('C1',4,438,0,'',''),('C1',5,418,0,'',''),('C1',6,136,0,'',''),('C1',7,199,0,'',''),('C1',8,435,0,'',''),('C1',9,230,0,'',''),('C1',10,49,0,'',''),('C1',11,266,0,'',''),('F2',1,107,0,'1:20',''),('F2',2,489,0,'7:30',''),('F2',3,329,0,'11:21',''),('F2',4,279,0,'16:08',''),('F2',5,207,0,'20:43',''),('F3',1,370,0,'02:59',''),('F3',2,319,0,'09:24',''),('F3',3,389,0,'14:16',''),('F3',4,391,0,'17:34',''),('F3',5,256,0,'24:52',''),('L',1,287,0,'0:00',''),('L',2,128,0,'1:23',''),('L',3,358,0,'3:11',''),('L',4,46,0,'4:35',''),('L',5,226,0,'6:08',''),('L',6,39,0,'7:34',''),('L',7,298,0,'9:08',''),('L',8,179,0,'10:46',''),('L',9,193,0,'12:40',''),('L',10,281,0,'14:28',''),('L',11,221,0,'16:19',''),('L',12,279,0,'18:01',''),('L',13,284,0,'20:02',''),('L',14,476,0,'21:45',''),('L',15,16,0,'23:55',''),('L',16,21,0,'25:36',''),('L',17,496,0,'27:08',''),('L',18,167,0,'28:48',''),('L',19,99,0,'30:27',''),('L',20,58,0,'32:08',''),('L',21,474,0,'33:58',''),('L',22,469,0,'35:29',''),('L',23,417,0,'36:53',''),('L',24,37,0,'38:52',''),('L',25,194,0,'40:44','冒頭一部略'),('L',26,114,0,'43:03',''),('L',27,48,0,'45:01',''),('L',28,434,0,'46:50',''),('L',29,292,0,'49:03',''),('L',30,247,0,'50:03',''),('L',31,461,0,'52:02',''),('L',32,451,0,'53:44',''),('L',33,318,0,'55:47',''),('L',34,342,0,'57:51',''),('L',35,251,0,'59:38',''),('L',36,175,0,'1:01:45',''),('L',37,414,0,'1:03:32',''),('L',38,235,0,'1:05:33',''),('L',39,309,0,'1:07:08',''),('L',40,103,0,'1:09:20',''),('L',41,53,0,'1:11:00',''),('L',42,197,0,'1:12:50',''),('L',43,352,0,'1:14:37',''),('L',44,252,0,'1:16:51',''),('L',45,398,0,'1:18:54',''),('L',46,84,0,'1:20:42',''),('L',47,92,0,'1:22:15',''),('L',48,143,0,'1:24:07',''),('L',49,11,0,'1:25:50',''),('L',50,408,0,'1:27:33',''),('L',51,261,0,'1:29:27',''),('L',52,71,0,'1:31:40',''),('L',53,35,0,'1:33:24',''),('L',54,80,0,'1:35:06',''),('L',55,383,0,'1:36:39',''),('L',56,346,0,'1:38:14',''),('L',57,377,0,'1:39:51',''),('L',58,14,0,'1:41:33',''),('L',59,77,0,'1:43:08',''),('L',60,328,0,'1:44:36',''),('L',61,448,0,'1:45:49',''),('L',62,102,0,'1:09:20',''),('L',63,8,0,'1:48:36',''),('L',64,360,0,'1:50:38',''),('L',65,401,0,'1:52:00',''),('L',66,95,0,'1:53:08',''),('S1',1,100,0,'12:07',''),('S1',2,72,0,'17:51',''),('S1',3,207,0,'24:23',''),('a',1,62,0,'',''),('a',2,422,0,'',''),('a',3,18,0,'',''),('a',4,325,0,'',''),('a',5,148,0,'',''),('a',6,378,0,'',''),('a',7,401,0,'',''),('a',8,313,0,'',''),('a',9,312,0,'',''),('a',10,121,0,'',''),('a',11,192,0,'','');
/*!40000 ALTER TABLE `tbvocal` ENABLE KEYS */;
UNLOCK TABLES;
/*!40103 SET TIME_ZONE=@OLD_TIME_ZONE */;

/*!40101 SET SQL_MODE=@OLD_SQL_MODE */;
/*!40014 SET FOREIGN_KEY_CHECKS=@OLD_FOREIGN_KEY_CHECKS */;
/*!40014 SET UNIQUE_CHECKS=@OLD_UNIQUE_CHECKS */;
/*!40101 SET CHARACTER_SET_CLIENT=@OLD_CHARACTER_SET_CLIENT */;
/*!40101 SET CHARACTER_SET_RESULTS=@OLD_CHARACTER_SET_RESULTS */;
/*!40101 SET COLLATION_CONNECTION=@OLD_COLLATION_CONNECTION */;
/*!40111 SET SQL_NOTES=@OLD_SQL_NOTES */;

-- Dump completed on 2025-12-31 19:12:38
